score,split,max_inner,max_outer,rank,rho,tol
0.001868831178639384,0,50,10,8,0.5,0.0
0.0015402992403513978,0,50,10,8,1.0,0.0
0.018355628883111236,0,50,10,8,3.0,0.0
0.07335283592250318,0,50,10,8,5.0,0.0
0.0008153288717998333,0,50,10,9,0.5,0.0
0.0007492447454735207,0,50,10,9,1.0,0.0
0.017910903009418052,0,50,10,9,3.0,0.0
0.07456190016029536,0,50,10,9,5.0,0.0
1.3460919267520305e-05,0,50,10,10,0.5,0.0
8.707921221390957e-05,0,50,10,10,1.0,0.0
0.020159860182042088,0,50,10,10,3.0,0.0
0.07935396572129093,0,50,10,10,5.0,0.0
1.169898731727116e-05,0,50,10,11,0.5,0.0
5.532349601888923e-05,0,50,10,11,1.0,0.0
0.023064295072000543,0,50,10,11,3.0,0.0
0.08517893490488855,0,50,10,11,5.0,0.0
1.2587124049541867e-05,0,50,10,12,0.5,0.0
4.841335848491017e-05,0,50,10,12,1.0,0.0
0.023621372798004844,0,50,10,12,3.0,0.0
0.08689116855871491,0,50,10,12,5.0,0.0
0.0019456193920403975,0,50,20,8,0.5,0.0
0.0015081755027499747,0,50,20,8,1.0,0.0
0.001952456998559164,0,50,20,8,3.0,0.0
0.007973017185918396,0,50,20,8,5.0,0.0
0.0007480511663292138,0,50,20,9,0.5,0.0
0.0007303716479062077,0,50,20,9,1.0,0.0
0.0012319031833701762,0,50,20,9,3.0,0.0
0.008650072204209137,0,50,20,9,5.0,0.0
3.5390970792903534e-06,0,50,20,10,0.5,0.0
1.7263787718818258e-05,0,50,20,10,1.0,0.0
0.0005914389041395672,0,50,20,10,3.0,0.0
0.00851396131998772,0,50,20,10,5.0,0.0
3.7441078953193325e-06,0,50,20,11,0.5,0.0
2.2584970113290558e-05,0,50,20,11,1.0,0.0
0.0007575502424507543,0,50,20,11,3.0,0.0
0.009887808927656163,0,50,20,11,5.0,0.0
4.966340116384506e-06,0,50,20,12,0.5,0.0
8.428041331503437e-06,0,50,20,12,1.0,0.0
0.0008910054938610674,0,50,20,12,3.0,0.0
0.010130759662171198,0,50,20,12,5.0,0.0
0.0018939192170883093,0,50,30,8,0.5,0.0
0.0015040197593658231,0,50,30,8,1.0,0.0
0.001562931921709979,0,50,30,8,3.0,0.0
0.002180527161502872,0,50,30,8,5.0,0.0
0.0008086962765687934,0,50,30,9,0.5,0.0
0.000727210354403341,0,50,30,9,1.0,0.0
0.0008147177683399848,0,50,30,9,3.0,0.0
0.0017983455863782184,0,50,30,9,5.0,0.0
1.6959703762758044e-06,0,50,30,10,0.5,0.0
5.363561316976894e-06,0,50,30,10,1.0,0.0
8.326623510430222e-05,0,50,30,10,3.0,0.0
0.0010285642715419862,0,50,30,10,5.0,0.0
2.157912425178952e-06,0,50,30,11,0.5,0.0
1.5054465742859052e-05,0,50,30,11,1.0,0.0
8.611052098469729e-05,0,50,30,11,3.0,0.0
0.0011773180500069134,0,50,30,11,5.0,0.0
2.790773161381611e-06,0,50,30,12,0.5,0.0
5.997762179705766e-06,0,50,30,12,1.0,0.0
7.119461143660604e-05,0,50,30,12,3.0,0.0
0.0013148992406252624,0,50,30,12,5.0,0.0
0.0019375787065774998,0,100,10,8,0.5,0.0
0.0015176690418709157,0,100,10,8,1.0,0.0
0.018102020874415713,0,100,10,8,3.0,0.0
0.07491413444449246,0,100,10,8,5.0,0.0
0.0007852677195669563,0,100,10,9,0.5,0.0
0.0007508320767311524,0,100,10,9,1.0,0.0
0.019894041659150215,0,100,10,9,3.0,0.0
0.07604135051378576,0,100,10,9,5.0,0.0
5.4272904392224955e-06,0,100,10,10,0.5,0.0
2.935744297093369e-05,0,100,10,10,1.0,0.0
0.020897168245392637,0,100,10,10,3.0,0.0
0.08095985542071872,0,100,10,10,5.0,0.0
4.8564498190611585e-06,0,100,10,11,0.5,0.0
2.7114576677452595e-05,0,100,10,11,1.0,0.0
0.02324595289576048,0,100,10,11,3.0,0.0
0.08664979592329233,0,100,10,11,5.0,0.0
3.286684548800971e-06,0,100,10,12,0.5,0.0
6.569227019317914e-05,0,100,10,12,1.0,0.0
0.024779232017442924,0,100,10,12,3.0,0.0
0.08920825363229033,0,100,10,12,5.0,0.0
0.0018010947254668008,0,100,20,8,0.5,0.0
0.0015059529179667927,0,100,20,8,1.0,0.0
0.0019159739664843564,0,100,20,8,3.0,0.0
0.008953205247255572,0,100,20,8,5.0,0.0
0.0007155271769710037,0,100,20,9,0.5,0.0
0.000733376679472207,0,100,20,9,1.0,0.0
0.0013547635642774318,0,100,20,9,3.0,0.0
0.008978749062838774,0,100,20,9,5.0,0.0
1.9927226050524277e-07,0,100,20,10,0.5,0.0
5.7571929272970815e-06,0,100,20,10,1.0,0.0
0.0005378301880063018,0,100,20,10,3.0,0.0
0.008797520958254838,0,100,20,10,5.0,0.0
1.7375353183733858e-06,0,100,20,11,0.5,0.0
6.686034225113133e-06,0,100,20,11,1.0,0.0
0.0007067613873782706,0,100,20,11,3.0,0.0
0.010176148878239772,0,100,20,11,5.0,0.0
1.2945650051140135e-06,0,100,20,12,0.5,0.0
5.7342851113825025e-06,0,100,20,12,1.0,0.0
0.0008485807370037788,0,100,20,12,3.0,0.0
0.010711521040272187,0,100,20,12,5.0,0.0
0.001660544054289877,0,100,30,8,0.5,0.0
0.0015019146480278465,0,100,30,8,1.0,0.0
0.001540769075537346,0,100,30,8,3.0,0.0
0.002575059142983673,0,100,30,8,5.0,0.0
0.000788825406122084,0,100,30,9,0.5,0.0
0.0007269361871927606,0,100,30,9,1.0,0.0
0.0008459663343739251,0,100,30,9,3.0,0.0
0.0017335985442643886,0,100,30,9,5.0,0.0
5.4220327909125703e-08,0,100,30,10,0.5,0.0
3.136844198475006e-06,0,100,30,10,1.0,0.0
5.818660998946977e-05,0,100,30,10,3.0,0.0
0.0009859271587863805,0,100,30,10,5.0,0.0
9.00953176796173e-07,0,100,30,11,0.5,0.0
3.6325394998553946e-06,0,100,30,11,1.0,0.0
4.5613456870964744e-05,0,100,30,11,3.0,0.0
0.0011661146943431045,0,100,30,11,5.0,0.0
7.964402788683555e-07,0,100,30,12,0.5,0.0
3.5764596716516715e-06,0,100,30,12,1.0,0.0
4.677179124209763e-05,0,100,30,12,3.0,0.0
0.0013869142991565593,0,100,30,12,5.0,0.0
0.0017071030487515462,1,50,10,8,0.5,0.0
0.001595789425634171,1,50,10,8,1.0,0.0
0.019361590549832525,1,50,10,8,3.0,0.0
0.07659444477189727,1,50,10,8,5.0,0.0
0.0007893466468678884,1,50,10,9,0.5,0.0
0.0007907586164688252,1,50,10,9,1.0,0.0
0.020087374626371734,1,50,10,9,3.0,0.0
0.07698791104029107,1,50,10,9,5.0,0.0
3.4436508010133147e-05,1,50,10,10,0.5,0.0
6.279939886767e-05,1,50,10,10,1.0,0.0
0.023411817415276332,1,50,10,10,3.0,0.0
0.08526157082145705,1,50,10,10,5.0,0.0
6.745383628961936e-06,1,50,10,11,0.5,0.0
5.7314383763463404e-05,1,50,10,11,1.0,0.0
0.024652995481600187,1,50,10,11,3.0,0.0
0.08912737221978001,1,50,10,11,5.0,0.0
1.082811008366371e-05,1,50,10,12,0.5,0.0
6.019632553551186e-05,1,50,10,12,1.0,0.0
0.025646195494857034,1,50,10,12,3.0,0.0
0.09339778890627563,1,50,10,12,5.0,0.0
0.0018090447861265951,1,50,20,8,0.5,0.0
0.0015429139837863837,1,50,20,8,1.0,0.0
0.002016345577133246,1,50,20,8,3.0,0.0
0.009267007536806681,1,50,20,8,5.0,0.0
0.000740462158120106,1,50,20,9,0.5,0.0
0.0006739637808663921,1,50,20,9,1.0,0.0
0.001353303500611884,1,50,20,9,3.0,0.0
0.008873247343795425,1,50,20,9,5.0,0.0
2.1268382243216802e-05,1,50,20,10,0.5,0.0
2.5516587559873044e-05,1,50,20,10,1.0,0.0
0.0008728192671122039,1,50,20,10,3.0,0.0
0.011086578758392572,1,50,20,10,5.0,0.0
2.197359304426944e-06,1,50,20,11,0.5,0.0
1.404796257801601e-05,1,50,20,11,1.0,0.0
0.0008874975510647548,1,50,20,11,3.0,0.0
0.011127291325769607,1,50,20,11,5.0,0.0
3.6739470581706914e-06,1,50,20,12,0.5,0.0
9.733305160262793e-06,1,50,20,12,1.0,0.0
0.0010474496469209025,1,50,20,12,3.0,0.0
0.012102731258382802,1,50,20,12,5.0,0.0
0.0017521266986887298,1,50,30,8,0.5,0.0
0.0015283512498206213,1,50,30,8,1.0,0.0
0.0015871003217914922,1,50,30,8,3.0,0.0
0.002745866281601281,1,50,30,8,5.0,0.0
0.0007953302320551089,1,50,30,9,0.5,0.0
0.0006696176035438251,1,50,30,9,1.0,0.0
0.0008539504393993429,1,50,30,9,3.0,0.0
0.00172705960662499,1,50,30,9,5.0,0.0
1.5761359024145114e-05,1,50,30,10,0.5,0.0
1.792647418030285e-05,1,50,30,10,1.0,0.0
0.00010821640177279995,1,50,30,10,3.0,0.0
0.0021534125581766633,1,50,30,10,5.0,0.0
1.6519029437933632e-06,1,50,30,11,0.5,0.0
9.159137008875326e-06,1,50,30,11,1.0,0.0
9.299925234464339e-05,1,50,30,11,3.0,0.0
0.0014026618325814872,1,50,30,11,5.0,0.0
2.330654310049001e-06,1,50,30,12,0.5,0.0
6.391275801579803e-06,1,50,30,12,1.0,0.0
0.00010829364971741306,1,50,30,12,3.0,0.0
0.001626081200013629,1,50,30,12,5.0,0.0
0.0019018310197188612,1,100,10,8,0.5,0.0
0.0015449015604353728,1,100,10,8,1.0,0.0
0.020259145328158895,1,100,10,8,3.0,0.0
0.07811173718833413,1,100,10,8,5.0,0.0
0.0007805902671182898,1,100,10,9,0.5,0.0
0.0006772800011522863,1,100,10,9,1.0,0.0
0.020664078974582792,1,100,10,9,3.0,0.0
0.07819227784173298,1,100,10,9,5.0,0.0
1.2391999977570479e-05,1,100,10,10,0.5,0.0
4.927585897225498e-05,1,100,10,10,1.0,0.0
0.024590031033296357,1,100,10,10,3.0,0.0
0.087266254911851,1,100,10,10,5.0,0.0
9.5278052812684e-06,1,100,10,11,0.5,0.0
4.7943351199366834e-05,1,100,10,11,1.0,0.0
0.025563032882638805,1,100,10,11,3.0,0.0
0.09188139144392321,1,100,10,11,5.0,0.0
5.072396300714906e-06,1,100,10,12,0.5,0.0
8.916375304346435e-05,1,100,10,12,1.0,0.0
0.026644729595508242,1,100,10,12,3.0,0.0
0.09554642557040037,1,100,10,12,5.0,0.0
0.0016636581605109732,1,100,20,8,0.5,0.0
0.0015235262305253873,1,100,20,8,1.0,0.0
0.0023539429653540223,1,100,20,8,3.0,0.0
0.009686962082575874,1,100,20,8,5.0,0.0
0.0008698567144247616,1,100,20,9,0.5,0.0
0.0006648238800336291,1,100,20,9,1.0,0.0
0.0013331131514035088,1,100,20,9,3.0,0.0
0.009038743361246626,1,100,20,9,5.0,0.0
3.216842980403414e-06,1,100,20,10,0.5,0.0
1.4561238774682101e-05,1,100,20,10,1.0,0.0
0.0008763339010088519,1,100,20,10,3.0,0.0
0.01130546388451495,1,100,20,10,5.0,0.0
2.498000710945639e-06,1,100,20,11,0.5,0.0
7.786516360385386e-06,1,100,20,11,1.0,0.0
0.000952434147509784,1,100,20,11,3.0,0.0
0.011766526269368558,1,100,20,11,5.0,0.0
2.575070160488208e-06,1,100,20,12,0.5,0.0
2.9876503016483375e-06,1,100,20,12,1.0,0.0
0.0011946024439098177,1,100,20,12,3.0,0.0
0.012587015491267213,1,100,20,12,5.0,0.0
0.00183974434539586,1,100,30,8,0.5,0.0
0.0015219854556906033,1,100,30,8,1.0,0.0
0.0016183197523565213,1,100,30,8,3.0,0.0
0.0029092789902387737,1,100,30,8,5.0,0.0
0.0006544976865648428,1,100,30,9,0.5,0.0
0.0006685915581663645,1,100,30,9,1.0,0.0
0.0008344712209009544,1,100,30,9,3.0,0.0
0.0016022128946347014,1,100,30,9,5.0,0.0
2.4380914445814804e-06,1,100,30,10,0.5,0.0
8.361811862934607e-06,1,100,30,10,1.0,0.0
0.00012525936864525385,1,100,30,10,3.0,0.0
0.0013059590301746425,1,100,30,10,5.0,0.0
1.2220092036388904e-06,1,100,30,11,0.5,0.0
4.34180923139754e-06,1,100,30,11,1.0,0.0
6.773196714676428e-05,1,100,30,11,3.0,0.0
0.0014731988323319247,1,100,30,11,5.0,0.0
1.7060397283070727e-06,1,100,30,12,0.5,0.0
2.1504411478764327e-06,1,100,30,12,1.0,0.0
0.0001347750028560702,1,100,30,12,3.0,0.0
0.0016863113461748416,1,100,30,12,5.0,0.0
0.001946410087629696,2,50,10,8,0.5,0.0
0.0015818266049881543,2,50,10,8,1.0,0.0
0.02022733536961008,2,50,10,8,3.0,0.0
0.07821830269984088,2,50,10,8,5.0,0.0
0.0008612941005881431,2,50,10,9,0.5,0.0
0.00075139196426202,2,50,10,9,1.0,0.0
0.019829295796990148,2,50,10,9,3.0,0.0
0.07805162823979876,2,50,10,9,5.0,0.0
3.815112508602587e-05,2,50,10,10,0.5,0.0
8.203663521646997e-05,2,50,10,10,1.0,0.0
0.022338042232791948,2,50,10,10,3.0,0.0
0.08630360404053847,2,50,10,10,5.0,0.0
2.372716551480705e-05,2,50,10,11,0.5,0.0
6.78705274409316e-05,2,50,10,11,1.0,0.0
0.023817398819225375,2,50,10,11,3.0,0.0
0.08957947002412509,2,50,10,11,5.0,0.0
1.1063806226830785e-05,2,50,10,12,0.5,0.0
4.665493564313592e-05,2,50,10,12,1.0,0.0
0.027134732714407347,2,50,10,12,3.0,0.0
0.09452817809420917,2,50,10,12,5.0,0.0
0.0018274361316763191,2,50,20,8,0.5,0.0
0.001563035032593065,2,50,20,8,1.0,0.0
0.00202284136262573,2,50,20,8,3.0,0.0
0.009079209423702703,2,50,20,8,5.0,0.0
0.0008650872480317817,2,50,20,9,0.5,0.0
0.000710558930127088,2,50,20,9,1.0,0.0
0.0012453616607272884,2,50,20,9,3.0,0.0
0.008060463045368664,2,50,20,9,5.0,0.0
1.1358284971157813e-05,2,50,20,10,0.5,0.0
2.9520843047951428e-05,2,50,20,10,1.0,0.0
0.0007274291599289181,2,50,20,10,3.0,0.0
0.010280223084058062,2,50,20,10,5.0,0.0
3.586445336571818e-06,2,50,20,11,0.5,0.0
2.484147959367719e-05,2,50,20,11,1.0,0.0
0.0008026535050809869,2,50,20,11,3.0,0.0
0.010980264006226276,2,50,20,11,5.0,0.0
6.3945528138096775e-06,2,50,20,12,0.5,0.0
8.115572275574062e-06,2,50,20,12,1.0,0.0
0.0010069687364027843,2,50,20,12,3.0,0.0
0.0122552828094395,2,50,20,12,5.0,0.0
0.0018229105253211003,2,50,30,8,0.5,0.0
0.0015602402121467488,2,50,30,8,1.0,0.0
0.0016070770805321646,2,50,30,8,3.0,0.0
0.0023639167557800086,2,50,30,8,5.0,0.0
0.0008693100766723558,2,50,30,9,0.5,0.0
0.0007075138407752174,2,50,30,9,1.0,0.0
0.0007645828803348778,2,50,30,9,3.0,0.0
0.0015435591426223349,2,50,30,9,5.0,0.0
5.578817204232011e-06,2,50,30,10,0.5,0.0
1.5493011247070606e-05,2,50,30,10,1.0,0.0
9.201691687870608e-05,2,50,30,10,3.0,0.0
0.001617722295392003,2,50,30,10,5.0,0.0
1.2172291065236236e-06,2,50,30,11,0.5,0.0
1.5762109656905754e-05,2,50,30,11,1.0,0.0
6.267277292881112e-05,2,50,30,11,3.0,0.0
0.001418934740052346,2,50,30,11,5.0,0.0
4.6425968940442475e-06,2,50,30,12,0.5,0.0
3.715175383248498e-06,2,50,30,12,1.0,0.0
6.48964539994829e-05,2,50,30,12,3.0,0.0
0.001828022219144239,2,50,30,12,5.0,0.0
0.001738623366307464,2,100,10,8,0.5,0.0
0.001575244752385156,2,100,10,8,1.0,0.0
0.020796610342778823,2,100,10,8,3.0,0.0
0.07921623626146723,2,100,10,8,5.0,0.0
0.0008623357545568366,2,100,10,9,0.5,0.0
0.0007518613176409642,2,100,10,9,1.0,0.0
0.02275847827755403,2,100,10,9,3.0,0.0
0.08152909682072758,2,100,10,9,5.0,0.0
1.7337144733279852e-05,2,100,10,10,0.5,0.0
4.012449064156198e-05,2,100,10,10,1.0,0.0
0.023164663610590806,2,100,10,10,3.0,0.0
0.08744735316376559,2,100,10,10,5.0,0.0
5.229187150854585e-06,2,100,10,11,0.5,0.0
4.614034175833084e-05,2,100,10,11,1.0,0.0
0.024531387492623787,2,100,10,11,3.0,0.0
0.09402211401923617,2,100,10,11,5.0,0.0
3.0963569476646946e-06,2,100,10,12,0.5,0.0
4.5265594616817916e-05,2,100,10,12,1.0,0.0
0.028001223447840427,2,100,10,12,3.0,0.0
0.09756834893048058,2,100,10,12,5.0,0.0
0.0016229591628537108,2,100,20,8,0.5,0.0
0.001561043825447471,2,100,20,8,1.0,0.0
0.0021438313977661366,2,100,20,8,3.0,0.0
0.009664885663182157,2,100,20,8,5.0,0.0
0.0008667430403367975,2,100,20,9,0.5,0.0
0.0007182025917244198,2,100,20,9,1.0,0.0
0.0012784337022174672,2,100,20,9,3.0,0.0
0.00881347738237439,2,100,20,9,5.0,0.0
6.7333957672703104e-06,2,100,20,10,0.5,0.0
5.255927194289149e-06,2,100,20,10,1.0,0.0
0.0007589816136705123,2,100,20,10,3.0,0.0
0.010424252934645536,2,100,20,10,5.0,0.0
1.1480774836582374e-06,2,100,20,11,0.5,0.0
9.031177890884225e-06,2,100,20,11,1.0,0.0
0.000772572242802447,2,100,20,11,3.0,0.0
0.012000031407183366,2,100,20,11,5.0,0.0
1.094941529038208e-06,2,100,20,12,0.5,0.0
2.7139826760810835e-06,2,100,20,12,1.0,0.0
0.0011043923720605773,2,100,20,12,3.0,0.0
0.012903802653606295,2,100,20,12,5.0,0.0
0.0017526918562924543,2,100,30,8,0.5,0.0
0.001558918101517608,2,100,30,8,1.0,0.0
0.001611097944329597,2,100,30,8,3.0,0.0
0.002418845405458383,2,100,30,8,5.0,0.0
0.00075972715205183,2,100,30,9,0.5,0.0
0.0007175773326214678,2,100,30,9,1.0,0.0
0.0007594310125448041,2,100,30,9,3.0,0.0
0.001575309123498139,2,100,30,9,5.0,0.0
4.7487125684152806e-06,2,100,30,10,0.5,0.0
1.6578146676455335e-06,2,100,30,10,1.0,0.0
7.226454024636747e-05,2,100,30,10,3.0,0.0
0.0019410503890407724,2,100,30,10,5.0,0.0
7.260262807830469e-07,2,100,30,11,0.5,0.0
6.072535463206858e-06,2,100,30,11,1.0,0.0
3.9482303318428146e-05,2,100,30,11,3.0,0.0
0.0016525529660759322,2,100,30,11,5.0,0.0
5.553037821940115e-07,2,100,30,12,0.5,0.0
1.5514490551057547e-06,2,100,30,12,1.0,0.0
7.00157406829394e-05,2,100,30,12,3.0,0.0
0.0018774374852178078,2,100,30,12,5.0,0.0
0.0017715533123292954,3,50,10,8,0.5,0.0
0.0016130211274312544,3,50,10,8,1.0,0.0
0.0196894418073179,3,50,10,8,3.0,0.0
0.07794671865666353,3,50,10,8,5.0,0.0
0.0009447926864652532,3,50,10,9,0.5,0.0
0.0007708518892482718,3,50,10,9,1.0,0.0
0.021851367377632106,3,50,10,9,3.0,0.0
0.08063547124069373,3,50,10,9,5.0,0.0
6.458908584233313e-05,3,50,10,10,0.5,0.0
7.874273363185473e-05,3,50,10,10,1.0,0.0
0.023552164670340103,3,50,10,10,3.0,0.0
0.08534975612104642,3,50,10,10,5.0,0.0
2.3439832507360412e-05,3,50,10,11,0.5,0.0
7.341431045175417e-05,3,50,10,11,1.0,0.0
0.025794097839919015,3,50,10,11,3.0,0.0
0.08939256677799401,3,50,10,11,5.0,0.0
6.081352751232238e-06,3,50,10,12,0.5,0.0
6.483607444645883e-05,3,50,10,12,1.0,0.0
0.02753551468903196,3,50,10,12,3.0,0.0
0.09617155365813629,3,50,10,12,5.0,0.0
0.0020964802614150367,3,50,20,8,0.5,0.0
0.0015881213549215672,3,50,20,8,1.0,0.0
0.0020392548194220752,3,50,20,8,3.0,0.0
0.009442279350143213,3,50,20,8,5.0,0.0
0.0008962994280290584,3,50,20,9,0.5,0.0
0.0007307863337370316,3,50,20,9,1.0,0.0
0.0013959819000415536,3,50,20,9,3.0,0.0
0.00946977726835937,3,50,20,9,5.0,0.0
1.5187939103878861e-05,3,50,20,10,0.5,0.0
2.6263551601580197e-05,3,50,20,10,1.0,0.0
0.000862234275025345,3,50,20,10,3.0,0.0
0.010714513452923222,3,50,20,10,5.0,0.0
7.575504926045884e-06,3,50,20,11,0.5,0.0
1.4997538964136845e-05,3,50,20,11,1.0,0.0
0.0011311510280252064,3,50,20,11,3.0,0.0
0.01183490432045771,3,50,20,11,5.0,0.0
2.558992143674634e-06,3,50,20,12,0.5,0.0
1.2859891839238624e-05,3,50,20,12,1.0,0.0
0.0013494049029182356,3,50,20,12,3.0,0.0
0.014066603248377657,3,50,20,12,5.0,0.0
0.001651199631915251,3,50,30,8,0.5,0.0
0.001579390029933794,3,50,30,8,1.0,0.0
0.001631475853104392,3,50,30,8,3.0,0.0
0.002631162912970945,3,50,30,8,5.0,0.0
0.0008937477524665472,3,50,30,9,0.5,0.0
0.0007284878662818021,3,50,30,9,1.0,0.0
0.0008464216319238332,3,50,30,9,3.0,0.0
0.0017880243612273833,3,50,30,9,5.0,0.0
5.620857760587508e-06,3,50,30,10,0.5,0.0
2.069047132541619e-05,3,50,30,10,1.0,0.0
9.604181022011735e-05,3,50,30,10,3.0,0.0
0.0018790210687221226,3,50,30,10,5.0,0.0
4.36656184532006e-06,3,50,30,11,0.5,0.0
8.749815877175722e-06,3,50,30,11,1.0,0.0
7.453591881499962e-05,3,50,30,11,3.0,0.0
0.0020696616571670616,3,50,30,11,5.0,0.0
1.9598482134217235e-06,3,50,30,12,0.5,0.0
7.094146475006651e-06,3,50,30,12,1.0,0.0
0.0001184322080249703,3,50,30,12,3.0,0.0
0.002173967328974779,3,50,30,12,5.0,0.0
0.0016955024296140962,3,100,10,8,0.5,0.0
0.0016082829457898335,3,100,10,8,1.0,0.0
0.021112306782224373,3,100,10,8,3.0,0.0
0.07994682762376865,3,100,10,8,5.0,0.0
0.0008146912262217005,3,100,10,9,0.5,0.0
0.0007441107389864326,3,100,10,9,1.0,0.0
0.02260218390021766,3,100,10,9,3.0,0.0
0.08234211125458361,3,100,10,9,5.0,0.0
2.2637727967083932e-05,3,100,10,10,0.5,0.0
6.574730902693065e-05,3,100,10,10,1.0,0.0
0.025498736497286845,3,100,10,10,3.0,0.0
0.08814776448180695,3,100,10,10,5.0,0.0
6.738307025452368e-06,3,100,10,11,0.5,0.0
5.323472708971909e-05,3,100,10,11,1.0,0.0
0.026569640358717554,3,100,10,11,3.0,0.0
0.09181347406740208,3,100,10,11,5.0,0.0
5.255587773938722e-06,3,100,10,12,0.5,0.0
8.434580706061927e-05,3,100,10,12,1.0,0.0
0.028766144540968618,3,100,10,12,3.0,0.0
0.09949659130249165,3,100,10,12,5.0,0.0
0.0021188991483038337,3,100,20,8,0.5,0.0
0.0015828970800278144,3,100,20,8,1.0,0.0
0.0023381116841669795,3,100,20,8,3.0,0.0
0.009910024258336014,3,100,20,8,5.0,0.0
0.0007799372417129353,3,100,20,9,0.5,0.0
0.000727337331488412,3,100,20,9,1.0,0.0
0.001463904679891661,3,100,20,9,3.0,0.0
0.009893896021446075,3,100,20,9,5.0,0.0
3.941748795592483e-06,3,100,20,10,0.5,0.0
2.2734062465564042e-05,3,100,20,10,1.0,0.0
0.0009020481808230588,3,100,20,10,3.0,0.0
0.011359273942887655,3,100,20,10,5.0,0.0
3.5251593111636307e-06,3,100,20,11,0.5,0.0
3.661876858676826e-06,3,100,20,11,1.0,0.0
0.0011765685323219773,3,100,20,11,3.0,0.0
0.01232600954077353,3,100,20,11,5.0,0.0
2.7595343474509724e-06,3,100,20,12,0.5,0.0
1.7476905348779867e-06,3,100,20,12,1.0,0.0
0.0014381393006697443,3,100,20,12,3.0,0.0
0.014889529937881417,3,100,20,12,5.0,0.0
0.0018136674592340739,3,100,30,8,0.5,0.0
0.0015803015044130867,3,100,30,8,1.0,0.0
0.0016983874469257245,3,100,30,8,3.0,0.0
0.00255847081216833,3,100,30,8,5.0,0.0
0.0007855850710805516,3,100,30,9,0.5,0.0
0.0007250074562469061,3,100,30,9,1.0,0.0
0.0008579623598566356,3,100,30,9,3.0,0.0
0.0017574216746641576,3,100,30,9,5.0,0.0
2.3199125667681865e-06,3,100,30,10,0.5,0.0
1.1947768549147811e-05,3,100,30,10,1.0,0.0
4.366311084794123e-05,3,100,30,10,3.0,0.0
0.001806332525816559,3,100,30,10,5.0,0.0
2.580502985784149e-06,3,100,30,11,0.5,0.0
2.354630638961947e-06,3,100,30,11,1.0,0.0
7.879910787075381e-05,3,100,30,11,3.0,0.0
0.002183133076001475,3,100,30,11,5.0,0.0
1.8862555874861368e-06,3,100,30,12,0.5,0.0
8.471233322645263e-07,3,100,30,12,1.0,0.0
0.00012903209718882096,3,100,30,12,3.0,0.0
0.0025193440571127483,3,100,30,12,5.0,0.0
0.0016602574780765836,4,50,10,8,0.5,0.0
0.0016667836840933198,4,50,10,8,1.0,0.0
0.020584920179041295,4,50,10,8,3.0,0.0
0.0768404154505609,4,50,10,8,5.0,0.0
0.0008580870269343199,4,50,10,9,0.5,0.0
0.0008116726150874696,4,50,10,9,1.0,0.0
0.020631501601499697,4,50,10,9,3.0,0.0
0.0784268101872313,4,50,10,9,5.0,0.0
4.762932387080465e-05,4,50,10,10,0.5,0.0
6.990197042223921e-05,4,50,10,10,1.0,0.0
0.02300521991439296,4,50,10,10,3.0,0.0
0.08394219519978331,4,50,10,10,5.0,0.0
2.3073082071116146e-05,4,50,10,11,0.5,0.0
3.970781604756333e-05,4,50,10,11,1.0,0.0
0.0241543386009103,4,50,10,11,3.0,0.0
0.08811268981676774,4,50,10,11,5.0,0.0
7.058961578386631e-06,4,50,10,12,0.5,0.0
4.5424634088069124e-05,4,50,10,12,1.0,0.0
0.02694476426133059,4,50,10,12,3.0,0.0
0.09464643867012934,4,50,10,12,5.0,0.0
0.002113007056318999,4,50,20,8,0.5,0.0
0.0016216258549384206,4,50,20,8,1.0,0.0
0.0023175037396008925,4,50,20,8,3.0,0.0
0.009520530548940217,4,50,20,8,5.0,0.0
0.0008064723070426031,4,50,20,9,0.5,0.0
0.0007695437721021144,4,50,20,9,1.0,0.0
0.001345780709866717,4,50,20,9,3.0,0.0
0.009020345843992323,4,50,20,9,5.0,0.0
1.916155909350679e-05,4,50,20,10,0.5,0.0
1.9875682042071165e-05,4,50,20,10,1.0,0.0
0.0006939487380539743,4,50,20,10,3.0,0.0
0.01007039838587863,4,50,20,10,5.0,0.0
9.810820317718154e-06,4,50,20,11,0.5,0.0
1.0561568239177303e-05,4,50,20,11,1.0,0.0
0.0008790822721342268,4,50,20,11,3.0,0.0
0.010995329579919179,4,50,20,11,5.0,0.0
2.0801397534522532e-06,4,50,20,12,0.5,0.0
1.4228564525551902e-05,4,50,20,12,1.0,0.0
0.0010718303688408615,4,50,20,12,3.0,0.0
0.012361027615938576,4,50,20,12,5.0,0.0
0.0022887773381858947,4,50,30,8,0.5,0.0
0.0016141053148872504,4,50,30,8,1.0,0.0
0.0017402159257847514,4,50,30,8,3.0,0.0
0.00297452145367127,4,50,30,8,5.0,0.0
0.0008355102833588199,4,50,30,9,0.5,0.0
0.00076208322139878,4,50,30,9,1.0,0.0
0.0008005529913292705,4,50,30,9,3.0,0.0
0.0018767579586103046,4,50,30,9,5.0,0.0
1.2575800922824275e-05,4,50,30,10,0.5,0.0
1.4954155578899155e-05,4,50,30,10,1.0,0.0
8.008168500615715e-05,4,50,30,10,3.0,0.0
0.0011978005562324331,4,50,30,10,5.0,0.0
6.687227326020398e-06,4,50,30,11,0.5,0.0
5.1899315990304305e-06,4,50,30,11,1.0,0.0
6.89914772765623e-05,4,50,30,11,3.0,0.0
0.0014393838993148197,4,50,30,11,5.0,0.0
1.0069551441747967e-06,4,50,30,12,0.5,0.0
1.0812194585639959e-05,4,50,30,12,1.0,0.0
7.489352182075695e-05,4,50,30,12,3.0,0.0
0.0017565952058644463,4,50,30,12,5.0,0.0
0.0017699352763425565,4,100,10,8,0.5,0.0
0.0016309349022461308,4,100,10,8,1.0,0.0
0.021621548901906436,4,100,10,8,3.0,0.0
0.07842498695223245,4,100,10,8,5.0,0.0
0.0009211558930825649,4,100,10,9,0.5,0.0
0.0007974028409371438,4,100,10,9,1.0,0.0
0.021218159816637466,4,100,10,9,3.0,0.0
0.08039793900572588,4,100,10,9,5.0,0.0
1.881532024129118e-05,4,100,10,10,0.5,0.0
3.3783809664371124e-05,4,100,10,10,1.0,0.0
0.022995780234877607,4,100,10,10,3.0,0.0
0.08637618969529612,4,100,10,10,5.0,0.0
6.240378646727272e-06,4,100,10,11,0.5,0.0
2.4556276135587645e-05,4,100,10,11,1.0,0.0
0.02486811290516201,4,100,10,11,3.0,0.0
0.0908385848899896,4,100,10,11,5.0,0.0
2.838102319093357e-06,4,100,10,12,0.5,0.0
8.40588271333578e-05,4,100,10,12,1.0,0.0
0.027538247109514014,4,100,10,12,3.0,0.0
0.096375451074075,4,100,10,12,5.0,0.0
0.0018453995662464692,4,100,20,8,0.5,0.0
0.0016154314506284819,4,100,20,8,1.0,0.0
0.002191695028197861,4,100,20,8,3.0,0.0
0.009694591154735647,4,100,20,8,5.0,0.0
0.0008580742111017548,4,100,20,9,0.5,0.0
0.0007401178513046453,4,100,20,9,1.0,0.0
0.0013558444710719585,4,100,20,9,3.0,0.0
0.009560745473587047,4,100,20,9,5.0,0.0
8.046126253063446e-06,4,100,20,10,0.5,0.0
1.590272880669032e-05,4,100,20,10,1.0,0.0
0.0005883459388967627,4,100,20,10,3.0,0.0
0.010645520465034876,4,100,20,10,5.0,0.0
9.473368395065284e-07,4,100,20,11,0.5,0.0
7.671815954654793e-06,4,100,20,11,1.0,0.0
0.0007490753383218844,4,100,20,11,3.0,0.0
0.01120359646513973,4,100,20,11,5.0,0.0
1.0382507522453136e-06,4,100,20,12,0.5,0.0
3.7534466598561965e-06,4,100,20,12,1.0,0.0
0.001127135993627655,4,100,20,12,3.0,0.0
0.012600302611904014,4,100,20,12,5.0,0.0
0.0016545649700826452,4,100,30,8,0.5,0.0
0.0016097840952865893,4,100,30,8,1.0,0.0
0.001689679416981393,4,100,30,8,3.0,0.0
0.002679495200580749,4,100,30,8,5.0,0.0
0.0007763115799332931,4,100,30,9,0.5,0.0
0.0007276616257680958,4,100,30,9,1.0,0.0
0.0008252796918666306,4,100,30,9,3.0,0.0
0.0018242917650258064,4,100,30,9,5.0,0.0
4.031003463834515e-06,4,100,30,10,0.5,0.0
1.3553399156336455e-05,4,100,30,10,1.0,0.0
5.886836375897007e-05,4,100,30,10,3.0,0.0
0.0012114214467341604,4,100,30,10,5.0,0.0
5.318134034547761e-07,4,100,30,11,0.5,0.0
4.61251774871171e-06,4,100,30,11,1.0,0.0
4.383897611076673e-05,4,100,30,11,3.0,0.0
0.001337340428003813,4,100,30,11,5.0,0.0
8.1988077935802e-07,4,100,30,12,0.5,0.0
2.4169073255066272e-06,4,100,30,12,1.0,0.0
7.810139522023912e-05,4,100,30,12,3.0,0.0
0.0017274082746986193,4,100,30,12,5.0,0.0
0.001783950670432263,5,50,10,8,0.5,0.0
0.0015343966981091644,5,50,10,8,1.0,0.0
0.019723121392471284,5,50,10,8,3.0,0.0
0.07806920598537088,5,50,10,8,5.0,0.0
0.0009578553116434871,5,50,10,9,0.5,0.0
0.0007850205997536883,5,50,10,9,1.0,0.0
0.020904691168838325,5,50,10,9,3.0,0.0
0.08101191575377589,5,50,10,9,5.0,0.0
3.1594659332728134e-05,5,50,10,10,0.5,0.0
6.412884423656535e-05,5,50,10,10,1.0,0.0
0.02323482436962894,5,50,10,10,3.0,0.0
0.08585565016615931,5,50,10,10,5.0,0.0
1.2842598828700894e-05,5,50,10,11,0.5,0.0
5.427373699817461e-05,5,50,10,11,1.0,0.0
0.025260853491879613,5,50,10,11,3.0,0.0
0.09036742449829696,5,50,10,11,5.0,0.0
8.69622052505078e-06,5,50,10,12,0.5,0.0
6.40749562295617e-05,5,50,10,12,1.0,0.0
0.02794796814870318,5,50,10,12,3.0,0.0
0.09674520693243058,5,50,10,12,5.0,0.0
0.0018426585860146674,5,50,20,8,0.5,0.0
0.0015120298582532283,5,50,20,8,1.0,0.0
0.002041103092566564,5,50,20,8,3.0,0.0
0.008893979145510239,5,50,20,8,5.0,0.0
0.0007429976499128946,5,50,20,9,0.5,0.0
0.0007424543614829002,5,50,20,9,1.0,0.0
0.0013787030408548234,5,50,20,9,3.0,0.0
0.009235668303543517,5,50,20,9,5.0,0.0
1.33253843902948e-05,5,50,20,10,0.5,0.0
2.710697776301134e-05,5,50,20,10,1.0,0.0
0.0007031955363420003,5,50,20,10,3.0,0.0
0.011448752806795161,5,50,20,10,5.0,0.0
4.258384274105201e-06,5,50,20,11,0.5,0.0
1.537131862588159e-05,5,50,20,11,1.0,0.0
0.000986180499954606,5,50,20,11,3.0,0.0
0.011180392397034337,5,50,20,11,5.0,0.0
3.193047389351042e-06,5,50,20,12,0.5,0.0
8.891958081942739e-06,5,50,20,12,1.0,0.0
0.0012791760752482921,5,50,20,12,3.0,0.0
0.013293856345263685,5,50,20,12,5.0,0.0
0.0018359727729611126,5,50,30,8,0.5,0.0
0.0015073187510414887,5,50,30,8,1.0,0.0
0.0015914231419208319,5,50,30,8,3.0,0.0
0.002360657397144821,5,50,30,8,5.0,0.0
0.0007525355666508402,5,50,30,9,0.5,0.0
0.0007358679031779259,5,50,30,9,1.0,0.0
0.0008365925432443589,5,50,30,9,3.0,0.0
0.0017408477734005196,5,50,30,9,5.0,0.0
9.984944806784175e-06,5,50,30,10,0.5,0.0
1.9089768339991226e-05,5,50,30,10,1.0,0.0
9.408305538042511e-05,5,50,30,10,3.0,0.0
0.001626128810701518,5,50,30,10,5.0,0.0
1.7343948867541502e-06,5,50,30,11,0.5,0.0
8.487708483796409e-06,5,50,30,11,1.0,0.0
9.74486272530582e-05,5,50,30,11,3.0,0.0
0.0014303528255443123,5,50,30,11,5.0,0.0
1.925554051864086e-06,5,50,30,12,0.5,0.0
6.094425253257448e-06,5,50,30,12,1.0,0.0
0.00010539905224112287,5,50,30,12,3.0,0.0
0.002093116116625897,5,50,30,12,5.0,0.0
0.0018625741010922859,5,100,10,8,0.5,0.0
0.001529171183641985,5,100,10,8,1.0,0.0
0.02221716743065526,5,100,10,8,3.0,0.0
0.08088625039075026,5,100,10,8,5.0,0.0
0.0008095526933546878,5,100,10,9,0.5,0.0
0.0007764351949032335,5,100,10,9,1.0,0.0
0.021584250442704803,5,100,10,9,3.0,0.0
0.08199442416345193,5,100,10,9,5.0,0.0
2.60836889679209e-05,5,100,10,10,0.5,0.0
4.675028153026489e-05,5,100,10,10,1.0,0.0
0.02456888707098443,5,100,10,10,3.0,0.0
0.0888369323941335,5,100,10,10,5.0,0.0
6.35363612086834e-06,5,100,10,11,0.5,0.0
3.104642763825038e-05,5,100,10,11,1.0,0.0
0.02641320084925901,5,100,10,11,3.0,0.0
0.09310875140277669,5,100,10,11,5.0,0.0
4.030285230284289e-06,5,100,10,12,0.5,0.0
4.928848231065186e-05,5,100,10,12,1.0,0.0
0.028710971593289485,5,100,10,12,3.0,0.0
0.09871982409088244,5,100,10,12,5.0,0.0
0.0016670747784946532,5,100,20,8,0.5,0.0
0.0015081723770948683,5,100,20,8,1.0,0.0
0.002354176495122549,5,100,20,8,3.0,0.0
0.010087299518634048,5,100,20,8,5.0,0.0
0.0007050538502370604,5,100,20,9,0.5,0.0
0.0007447682859092167,5,100,20,9,1.0,0.0
0.0013339609705558917,5,100,20,9,3.0,0.0
0.009242173387320281,5,100,20,9,5.0,0.0
1.6452150031503434e-05,5,100,20,10,0.5,0.0
2.3547676472135185e-05,5,100,20,10,1.0,0.0
0.0006976714883659556,5,100,20,10,3.0,0.0
0.011428894517169616,5,100,20,10,5.0,0.0
1.516515167685815e-06,5,100,20,11,0.5,0.0
3.174861672088447e-06,5,100,20,11,1.0,0.0
0.0010823521371196203,5,100,20,11,3.0,0.0
0.012042773768443484,5,100,20,11,5.0,0.0
1.8557011163669416e-06,5,100,20,12,0.5,0.0
3.104891072084414e-06,5,100,20,12,1.0,0.0
0.0013417041916227049,5,100,20,12,3.0,0.0
0.013799997236158976,5,100,20,12,5.0,0.0
0.0017678418468801223,5,100,30,8,0.5,0.0
0.0015059989036213827,5,100,30,8,1.0,0.0
0.0016546746214324806,5,100,30,8,3.0,0.0
0.0026920984354898564,5,100,30,8,5.0,0.0
0.0007171288094518784,5,100,30,9,0.5,0.0
0.000740285127833471,5,100,30,9,1.0,0.0
0.0007918753940732553,5,100,30,9,3.0,0.0
0.0016319003399175216,5,100,30,9,5.0,0.0
1.2152710584507969e-05,5,100,30,10,0.5,0.0
1.7915318568972533e-05,5,100,30,10,1.0,0.0
4.5116105027226526e-05,5,100,30,10,3.0,0.0
0.0014064585087787628,5,100,30,10,5.0,0.0
6.671904269078083e-07,5,100,30,11,0.5,0.0
2.0292412797451064e-06,5,100,30,11,1.0,0.0
0.00010103033028327522,5,100,30,11,3.0,0.0
0.0016218929370984334,5,100,30,11,5.0,0.0
1.2218494518423296e-06,5,100,30,12,0.5,0.0
1.639757636581237e-06,5,100,30,12,1.0,0.0
0.00011429402574842798,5,100,30,12,3.0,0.0
0.0021757815423098206,5,100,30,12,5.0,0.0
0.002068545680771374,6,50,10,8,0.5,0.0
0.0015598089376247066,6,50,10,8,1.0,0.0
0.020612602438767766,6,50,10,8,3.0,0.0
0.07885767756733193,6,50,10,8,5.0,0.0
0.0007884717957445725,6,50,10,9,0.5,0.0
0.0007325735809408235,6,50,10,9,1.0,0.0
0.021441319167322153,6,50,10,9,3.0,0.0
0.07991506424661586,6,50,10,9,5.0,0.0
3.46566363742006e-05,6,50,10,10,0.5,0.0
6.411685679396727e-05,6,50,10,10,1.0,0.0
0.02423091574298115,6,50,10,10,3.0,0.0
0.08675910668054104,6,50,10,10,5.0,0.0
1.5178480981637305e-05,6,50,10,11,0.5,0.0
4.157933110218597e-05,6,50,10,11,1.0,0.0
0.025243622299988118,6,50,10,11,3.0,0.0
0.09167836475877265,6,50,10,11,5.0,0.0
6.95165753626663e-06,6,50,10,12,0.5,0.0
3.818470281947759e-05,6,50,10,12,1.0,0.0
0.027176565399650406,6,50,10,12,3.0,0.0
0.09527202633266865,6,50,10,12,5.0,0.0
0.0018622036164306131,6,50,20,8,0.5,0.0
0.0015440576818899709,6,50,20,8,1.0,0.0
0.0020309237486496063,6,50,20,8,3.0,0.0
0.008858529490268408,6,50,20,8,5.0,0.0
0.0008393503365488556,6,50,20,9,0.5,0.0
0.0007013251161700466,6,50,20,9,1.0,0.0
0.0012375831195612125,6,50,20,9,3.0,0.0
0.009281867849314533,6,50,20,9,5.0,0.0
1.2248994338691102e-05,6,50,20,10,0.5,0.0
2.832810702320352e-05,6,50,20,10,1.0,0.0
0.0007350590491563469,6,50,20,10,3.0,0.0
0.010592499116661686,6,50,20,10,5.0,0.0
3.3658788029674453e-06,6,50,20,11,0.5,0.0
1.512692806798514e-05,6,50,20,11,1.0,0.0
0.000862291882012812,6,50,20,11,3.0,0.0
0.011905967258949683,6,50,20,11,5.0,0.0
1.6554975005113863e-06,6,50,20,12,0.5,0.0
7.720454378535088e-06,6,50,20,12,1.0,0.0
0.0011183194140137907,6,50,20,12,3.0,0.0
0.012684043527418832,6,50,20,12,5.0,0.0
0.0017441336076494845,6,50,30,8,0.5,0.0
0.0015390605747844445,6,50,30,8,1.0,0.0
0.0016212797543820707,6,50,30,8,3.0,0.0
0.002263554298296608,6,50,30,8,5.0,0.0
0.0009189339123696678,6,50,30,9,0.5,0.0
0.0006902515874307692,6,50,30,9,1.0,0.0
0.0007425443321988806,6,50,30,9,3.0,0.0
0.0016266485950741042,6,50,30,9,5.0,0.0
6.709414332388824e-06,6,50,30,10,0.5,0.0
2.2415440995576236e-05,6,50,30,10,1.0,0.0
8.584784122862932e-05,6,50,30,10,3.0,0.0
0.0014022832968777774,6,50,30,10,5.0,0.0
1.493690623253109e-06,6,50,30,11,0.5,0.0
1.1221969235765286e-05,6,50,30,11,1.0,0.0
7.251508516487104e-05,6,50,30,11,3.0,0.0
0.001554079991490752,6,50,30,11,5.0,0.0
9.91066501304071e-07,6,50,30,12,0.5,0.0
5.347304050392647e-06,6,50,30,12,1.0,0.0
8.786175363000835e-05,6,50,30,12,3.0,0.0
0.0017416915988380352,6,50,30,12,5.0,0.0
0.0019051197118416115,6,100,10,8,0.5,0.0
0.0015406776631101998,6,100,10,8,1.0,0.0
0.02139150307908669,6,100,10,8,3.0,0.0
0.07992950475304109,6,100,10,8,5.0,0.0
0.0007716286026339777,6,100,10,9,0.5,0.0
0.0006874898491522655,6,100,10,9,1.0,0.0
0.02203290138012266,6,100,10,9,3.0,0.0
0.0816185559581277,6,100,10,9,5.0,0.0
1.366067499167899e-05,6,100,10,10,0.5,0.0
4.3030018596077945e-05,6,100,10,10,1.0,0.0
0.0244907955116588,6,100,10,10,3.0,0.0
0.08902928920038666,6,100,10,10,5.0,0.0
7.925507556682553e-06,6,100,10,11,0.5,0.0
3.4120836752068274e-05,6,100,10,11,1.0,0.0
0.026443992422677542,6,100,10,11,3.0,0.0
0.09420381881201911,6,100,10,11,5.0,0.0
3.047699249478987e-06,6,100,10,12,0.5,0.0
4.823752842090766e-05,6,100,10,12,1.0,0.0
0.028263770252391907,6,100,10,12,3.0,0.0
0.0977827334091963,6,100,10,12,5.0,0.0
0.0018842098991233344,6,100,20,8,0.5,0.0
0.0015367043506838867,6,100,20,8,1.0,0.0
0.002065311665233758,6,100,20,8,3.0,0.0
0.008933506664440028,6,100,20,8,5.0,0.0
0.0008852724475773963,6,100,20,9,0.5,0.0
0.0006727165410382797,6,100,20,9,1.0,0.0
0.0012088091006162553,6,100,20,9,3.0,0.0
0.00982583165678254,6,100,20,9,5.0,0.0
4.073657005436972e-06,6,100,20,10,0.5,0.0
1.385075459991919e-05,6,100,20,10,1.0,0.0
0.0006646247649286179,6,100,20,10,3.0,0.0
0.010994209864881425,6,100,20,10,5.0,0.0
1.854712792390789e-06,6,100,20,11,0.5,0.0
8.482777396118204e-06,6,100,20,11,1.0,0.0
0.0009043674770748694,6,100,20,11,3.0,0.0
0.012386092062293966,6,100,20,11,5.0,0.0
1.2979998708582928e-06,6,100,20,12,0.5,0.0
3.89794414803897e-06,6,100,20,12,1.0,0.0
0.0011585351710905044,6,100,20,12,3.0,0.0
0.013283860179691492,6,100,20,12,5.0,0.0
0.0017472435474542192,6,100,30,8,0.5,0.0
0.0015374760506289482,6,100,30,8,1.0,0.0
0.001599822117397605,6,100,30,8,3.0,0.0
0.0022107045641690227,6,100,30,8,5.0,0.0
0.0007798051013197303,6,100,30,9,0.5,0.0
0.0006695269739661361,6,100,30,9,1.0,0.0
0.0007247525618088294,6,100,30,9,3.0,0.0
0.0016428685067013092,6,100,30,9,5.0,0.0
1.5851459995115467e-06,6,100,30,10,0.5,0.0
9.497969895512256e-06,6,100,30,10,1.0,0.0
5.3464085522422276e-05,6,100,30,10,3.0,0.0
0.0011688089740505274,6,100,30,10,5.0,0.0
1.1397901571901903e-06,6,100,30,11,0.5,0.0
5.680450144812535e-06,6,100,30,11,1.0,0.0
5.8746947517668916e-05,6,100,30,11,3.0,0.0
0.001575272413996327,6,100,30,11,5.0,0.0
9.068652411224176e-07,6,100,30,12,0.5,0.0
2.804403500218187e-06,6,100,30,12,1.0,0.0
7.339248817333034e-05,6,100,30,12,3.0,0.0
0.0019037722536114614,6,100,30,12,5.0,0.0
0.0017745194935204502,7,50,10,8,0.5,0.0
0.0015123720086654348,7,50,10,8,1.0,0.0
0.01937957809526547,7,50,10,8,3.0,0.0
0.07729259301061163,7,50,10,8,5.0,0.0
0.0009140106331697612,7,50,10,9,0.5,0.0
0.0007012326459190603,7,50,10,9,1.0,0.0
0.0209522462955759,7,50,10,9,3.0,0.0
0.08066925991062758,7,50,10,9,5.0,0.0
1.935291235512173e-05,7,50,10,10,0.5,0.0
7.395205959594133e-05,7,50,10,10,1.0,0.0
0.023388357976259745,7,50,10,10,3.0,0.0
0.08667650140955815,7,50,10,10,5.0,0.0
1.8268356173867772e-05,7,50,10,11,0.5,0.0
4.3399269683512666e-05,7,50,10,11,1.0,0.0
0.024421650964769157,7,50,10,11,3.0,0.0
0.08969207573901714,7,50,10,11,5.0,0.0
6.747657235115978e-06,7,50,10,12,0.5,0.0
4.7712981323030235e-05,7,50,10,12,1.0,0.0
0.02585193772815856,7,50,10,12,3.0,0.0
0.09163987004612718,7,50,10,12,5.0,0.0
0.0019722939486240916,7,50,20,8,0.5,0.0
0.0014477544600542483,7,50,20,8,1.0,0.0
0.0020261525199267065,7,50,20,8,3.0,0.0
0.009351097345866685,7,50,20,8,5.0,0.0
0.0009076184778922475,7,50,20,9,0.5,0.0
0.0006793163967291307,7,50,20,9,1.0,0.0
0.0014247388871665705,7,50,20,9,3.0,0.0
0.009646549255190576,7,50,20,9,5.0,0.0
2.822739491196067e-06,7,50,20,10,0.5,0.0
1.9226939895512357e-05,7,50,20,10,1.0,0.0
0.0007294066143191348,7,50,20,10,3.0,0.0
0.010956487159333705,7,50,20,10,5.0,0.0
3.829828114472082e-06,7,50,20,11,0.5,0.0
1.3090189065848704e-05,7,50,20,11,1.0,0.0
0.0008249476874965223,7,50,20,11,3.0,0.0
0.011168744927490495,7,50,20,11,5.0,0.0
2.2269805870883506e-06,7,50,20,12,0.5,0.0
1.2683363149138643e-05,7,50,20,12,1.0,0.0
0.0009657021654089407,7,50,20,12,3.0,0.0
0.01175577548023733,7,50,20,12,5.0,0.0
0.0016701073785106793,7,50,30,8,0.5,0.0
0.0014413956803182564,7,50,30,8,1.0,0.0
0.0015661602570384416,7,50,30,8,3.0,0.0
0.0025437243264339747,7,50,30,8,5.0,0.0
0.0007273657131961267,7,50,30,9,0.5,0.0
0.0006759112287940056,7,50,30,9,1.0,0.0
0.0007895632726158834,7,50,30,9,3.0,0.0
0.0018452915576813074,7,50,30,9,5.0,0.0
1.6549190700563234e-06,7,50,30,10,0.5,0.0
1.5425637409945787e-05,7,50,30,10,1.0,0.0
9.585871841959447e-05,7,50,30,10,3.0,0.0
0.0012606991708610093,7,50,30,10,5.0,0.0
2.2439316798661937e-06,7,50,30,11,0.5,0.0
7.82537441512082e-06,7,50,30,11,1.0,0.0
7.548432742693077e-05,7,50,30,11,3.0,0.0
0.0013164723960624662,7,50,30,11,5.0,0.0
1.0349182724887544e-06,7,50,30,12,0.5,0.0
6.598031952430983e-06,7,50,30,12,1.0,0.0
6.0843741967262613e-05,7,50,30,12,3.0,0.0
0.0016127166484825595,7,50,30,12,5.0,0.0
0.00228645982761436,7,100,10,8,0.5,0.0
0.0014634304376611737,7,100,10,8,1.0,0.0
0.019553411627003213,7,100,10,8,3.0,0.0
0.07865187374348002,7,100,10,8,5.0,0.0
0.0008229480214492199,7,100,10,9,0.5,0.0
0.0006858956758816944,7,100,10,9,1.0,0.0
0.021933621439867473,7,100,10,9,3.0,0.0
0.08227506748902345,7,100,10,9,5.0,0.0
8.190310370222745e-06,7,100,10,10,0.5,0.0
3.473808675872219e-05,7,100,10,10,1.0,0.0
0.024146094670938017,7,100,10,10,3.0,0.0
0.08824690674218501,7,100,10,10,5.0,0.0
7.836433549927391e-06,7,100,10,11,0.5,0.0
3.61316927007453e-05,7,100,10,11,1.0,0.0
0.025311714248109598,7,100,10,11,3.0,0.0
0.0925034992730807,7,100,10,11,5.0,0.0
3.3284580518678627e-06,7,100,10,12,0.5,0.0
3.647988146537807e-05,7,100,10,12,1.0,0.0
0.027712199605112495,7,100,10,12,3.0,0.0
0.09518526736553579,7,100,10,12,5.0,0.0
0.0018988705173539522,7,100,20,8,0.5,0.0
0.0014452465505851923,7,100,20,8,1.0,0.0
0.0019260940700611296,7,100,20,8,3.0,0.0
0.00946011024532321,7,100,20,8,5.0,0.0
0.0007369796275579684,7,100,20,9,0.5,0.0
0.0006694981139883869,7,100,20,9,1.0,0.0
0.0017357013781334825,7,100,20,9,3.0,0.0
0.009976141120165464,7,100,20,9,5.0,0.0
2.651127805844744e-06,7,100,20,10,0.5,0.0
7.930326201557462e-06,7,100,20,10,1.0,0.0
0.000646843369579714,7,100,20,10,3.0,0.0
0.011376784303075068,7,100,20,10,5.0,0.0
4.494517106875947e-06,7,100,20,11,0.5,0.0
2.890170305862121e-06,7,100,20,11,1.0,0.0
0.0008264906596651056,7,100,20,11,3.0,0.0
0.011633556931842011,7,100,20,11,5.0,0.0
1.1548633407160204e-06,7,100,20,12,0.5,0.0
4.446912903105815e-06,7,100,20,12,1.0,0.0
0.0011135441571463534,7,100,20,12,3.0,0.0
0.012258473058999034,7,100,20,12,5.0,0.0
0.0018232641809724185,7,100,30,8,0.5,0.0
0.0014367510004443074,7,100,30,8,1.0,0.0
0.0014987493255255154,7,100,30,8,3.0,0.0
0.0024483453617442806,7,100,30,8,5.0,0.0
0.0007230327022586901,7,100,30,9,0.5,0.0
0.0006657237710605707,7,100,30,9,1.0,0.0
0.000898516506164816,7,100,30,9,3.0,0.0
0.0018705089174124606,7,100,30,9,5.0,0.0
1.8569880713863798e-06,7,100,30,10,0.5,0.0
3.882508391941612e-06,7,100,30,10,1.0,0.0
4.6817101901407725e-05,7,100,30,10,3.0,0.0
0.0012738700377121477,7,100,30,10,5.0,0.0
3.065535632894047e-06,7,100,30,11,0.5,0.0
1.4831610099857843e-06,7,100,30,11,1.0,0.0
5.825731072812382e-05,7,100,30,11,3.0,0.0
0.001417991447059106,7,100,30,11,5.0,0.0
6.234839157883274e-07,7,100,30,12,0.5,0.0
2.691826047438837e-06,7,100,30,12,1.0,0.0
8.676343393911032e-05,7,100,30,12,3.0,0.0
0.001648971006290191,7,100,30,12,5.0,0.0
0.0018619568529086976,8,50,10,8,0.5,0.0
0.0015353162630167788,8,50,10,8,1.0,0.0
0.02040910661017611,8,50,10,8,3.0,0.0
0.07673134896313852,8,50,10,8,5.0,0.0
0.0007335799769932604,8,50,10,9,0.5,0.0
0.000717027916704496,8,50,10,9,1.0,0.0
0.022239217776220253,8,50,10,9,3.0,0.0
0.08271503395203493,8,50,10,9,5.0,0.0
3.366197721259711e-05,8,50,10,10,0.5,0.0
5.9625215357105534e-05,8,50,10,10,1.0,0.0
0.02467293712419559,8,50,10,10,3.0,0.0
0.08802382204709482,8,50,10,10,5.0,0.0
1.1571279891646775e-05,8,50,10,11,0.5,0.0
5.947248456598203e-05,8,50,10,11,1.0,0.0
0.025510813340360112,8,50,10,11,3.0,0.0
0.09099246175548846,8,50,10,11,5.0,0.0
1.1706681258354553e-05,8,50,10,12,0.5,0.0
0.00011660036211132696,8,50,10,12,1.0,0.0
0.027922702675375593,8,50,10,12,3.0,0.0
0.0947655847351988,8,50,10,12,5.0,0.0
0.0019721902208824,8,50,20,8,0.5,0.0
0.0015187861468809426,8,50,20,8,1.0,0.0
0.0021135940947629704,8,50,20,8,3.0,0.0
0.009797400137989546,8,50,20,8,5.0,0.0
0.0008625900257962096,8,50,20,9,0.5,0.0
0.0006987815166937174,8,50,20,9,1.0,0.0
0.0014134055603653227,8,50,20,9,3.0,0.0
0.010329554741780473,8,50,20,9,5.0,0.0
1.7334565250145397e-05,8,50,20,10,0.5,0.0
2.7354808650572003e-05,8,50,20,10,1.0,0.0
0.000881138844331168,8,50,20,10,3.0,0.0
0.012122971742788228,8,50,20,10,5.0,0.0
4.061488016711148e-06,8,50,20,11,0.5,0.0
1.4113551441875133e-05,8,50,20,11,1.0,0.0
0.0010365836294531213,8,50,20,11,3.0,0.0
0.011683438501818787,8,50,20,11,5.0,0.0
4.648853361587028e-06,8,50,20,12,0.5,0.0
1.0166938909700976e-05,8,50,20,12,1.0,0.0
0.0014321955529863128,8,50,20,12,3.0,0.0
0.013465622743170914,8,50,20,12,5.0,0.0
0.0017095269035308943,8,50,30,8,0.5,0.0
0.0015046178613138366,8,50,30,8,1.0,0.0
0.001578995810250885,8,50,30,8,3.0,0.0
0.0029344698983644947,8,50,30,8,5.0,0.0
0.0008849460449466332,8,50,30,9,0.5,0.0
0.0006884603688958789,8,50,30,9,1.0,0.0
0.0007934389859603178,8,50,30,9,3.0,0.0
0.001942137801243242,8,50,30,9,5.0,0.0
1.2126478072725139e-05,8,50,30,10,0.5,0.0
2.0404747128486333e-05,8,50,30,10,1.0,0.0
8.48008695479703e-05,8,50,30,10,3.0,0.0
0.001972472734634826,8,50,30,10,5.0,0.0
3.0562203622904167e-06,8,50,30,11,0.5,0.0
1.1603505941188435e-05,8,50,30,11,1.0,0.0
0.00011015590233056672,8,50,30,11,3.0,0.0
0.0016243117095997,8,50,30,11,5.0,0.0
2.898064295465859e-06,8,50,30,12,0.5,0.0
5.969907006164958e-06,8,50,30,12,1.0,0.0
0.00016690044944232037,8,50,30,12,3.0,0.0
0.002285614431942123,8,50,30,12,5.0,0.0
0.0016682042663173193,8,100,10,8,0.5,0.0
0.0015149830207424138,8,100,10,8,1.0,0.0
0.020243558797154528,8,100,10,8,3.0,0.0
0.07752849335172618,8,100,10,8,5.0,0.0
0.0009110789823623882,8,100,10,9,0.5,0.0
0.0007140424485371007,8,100,10,9,1.0,0.0
0.022507164377963938,8,100,10,9,3.0,0.0
0.08413025401832971,8,100,10,9,5.0,0.0
2.300448238218435e-05,8,100,10,10,0.5,0.0
4.0800762539523016e-05,8,100,10,10,1.0,0.0
0.025046830095660107,8,100,10,10,3.0,0.0
0.08959795602935676,8,100,10,10,5.0,0.0
9.897715965498045e-06,8,100,10,11,0.5,0.0
6.303565598691261e-05,8,100,10,11,1.0,0.0
0.026455582813245018,8,100,10,11,3.0,0.0
0.09426857410613605,8,100,10,11,5.0,0.0
8.59370479978141e-06,8,100,10,12,0.5,0.0
9.905477214645373e-05,8,100,10,12,1.0,0.0
0.028660150471343956,8,100,10,12,3.0,0.0
0.09682155734452909,8,100,10,12,5.0,0.0
0.0019767623753657753,8,100,20,8,0.5,0.0
0.0014953354511683767,8,100,20,8,1.0,0.0
0.0019419655133341757,8,100,20,8,3.0,0.0
0.009568938330476222,8,100,20,8,5.0,0.0
0.000747197570354291,8,100,20,9,0.5,0.0
0.0006840224592372427,8,100,20,9,1.0,0.0
0.001317116591939492,8,100,20,9,3.0,0.0
0.01034763399160353,8,100,20,9,5.0,0.0
7.387881208066926e-06,8,100,20,10,0.5,0.0
1.362113915844678e-05,8,100,20,10,1.0,0.0
0.0008297033601373625,8,100,20,10,3.0,0.0
0.012299599343407798,8,100,20,10,5.0,0.0
2.869575692850803e-06,8,100,20,11,0.5,0.0
1.4082025837229273e-05,8,100,20,11,1.0,0.0
0.0010920077162684875,8,100,20,11,3.0,0.0
0.012594442278137353,8,100,20,11,5.0,0.0
3.8495631060689495e-06,8,100,20,12,0.5,0.0
4.351661711562369e-06,8,100,20,12,1.0,0.0
0.0014536685440893792,8,100,20,12,3.0,0.0
0.013932285422589005,8,100,20,12,5.0,0.0
0.0019880257794142914,8,100,30,8,0.5,0.0
0.0014925513882884658,8,100,30,8,1.0,0.0
0.0015154220922922316,8,100,30,8,3.0,0.0
0.0025435592718167266,8,100,30,8,5.0,0.0
0.0006486872614058815,8,100,30,9,0.5,0.0
0.000674645679698476,8,100,30,9,1.0,0.0
0.0007486366730675739,8,100,30,9,3.0,0.0
0.0018752305216883716,8,100,30,9,5.0,0.0
3.235229351370246e-06,8,100,30,10,0.5,0.0
6.489888621457106e-06,8,100,30,10,1.0,0.0
4.9407021137707697e-05,8,100,30,10,3.0,0.0
0.0021474864982756908,8,100,30,10,5.0,0.0
1.951458782354078e-06,8,100,30,11,0.5,0.0
1.126258849707681e-05,8,100,30,11,1.0,0.0
0.00011137646582683564,8,100,30,11,3.0,0.0
0.0018041047921378546,8,100,30,11,5.0,0.0
2.1608187578108425e-06,8,100,30,12,0.5,0.0
2.220830235829245e-06,8,100,30,12,1.0,0.0
0.0001553085348313116,8,100,30,12,3.0,0.0
0.0023899881125600403,8,100,30,12,5.0,0.0
0.0016902386232284052,9,50,10,8,0.5,0.0
0.0015764355545735374,9,50,10,8,1.0,0.0
0.020245111433356403,9,50,10,8,3.0,0.0
0.07947435087639274,9,50,10,8,5.0,0.0
0.000956089489602434,9,50,10,9,0.5,0.0
0.0007791303608194449,9,50,10,9,1.0,0.0
0.021691858060141685,9,50,10,9,3.0,0.0
0.0820709481353776,9,50,10,9,5.0,0.0
2.3678203302894314e-05,9,50,10,10,0.5,0.0
5.8462984571591584e-05,9,50,10,10,1.0,0.0
0.024345488675688712,9,50,10,10,3.0,0.0
0.0867529765250919,9,50,10,10,5.0,0.0
2.9261313193672057e-05,9,50,10,11,0.5,0.0
6.44547503738215e-05,9,50,10,11,1.0,0.0
0.02606549275551737,9,50,10,11,3.0,0.0
0.09432834924376807,9,50,10,11,5.0,0.0
1.84339399075458e-05,9,50,10,12,0.5,0.0
5.7951482492791104e-05,9,50,10,12,1.0,0.0
0.02732602391795704,9,50,10,12,3.0,0.0
0.0944667896051563,9,50,10,12,5.0,0.0
0.0020715686798649007,9,50,20,8,0.5,0.0
0.0015430343990275642,9,50,20,8,1.0,0.0
0.0021404145693093347,9,50,20,8,3.0,0.0
0.0095085391729983,9,50,20,8,5.0,0.0
0.0007622330967880208,9,50,20,9,0.5,0.0
0.0007407465818265235,9,50,20,9,1.0,0.0
0.0013807591278250679,9,50,20,9,3.0,0.0
0.010050039480998424,9,50,20,9,5.0,0.0
5.038047858240591e-06,9,50,20,10,0.5,0.0
1.699099950468596e-05,9,50,20,10,1.0,0.0
0.0008131083641544418,9,50,20,10,3.0,0.0
0.011926308626130405,9,50,20,10,5.0,0.0
9.56153181803293e-06,9,50,20,11,0.5,0.0
1.170373601037797e-05,9,50,20,11,1.0,0.0
0.0008440497901350493,9,50,20,11,3.0,0.0
0.012817031877718144,9,50,20,11,5.0,0.0
5.157747028345103e-06,9,50,20,12,0.5,0.0
9.312772973007994e-06,9,50,20,12,1.0,0.0
0.0009413991841133447,9,50,20,12,3.0,0.0
0.011978175600458028,9,50,20,12,5.0,0.0
0.001887114964770616,9,50,30,8,0.5,0.0
0.0015366121948558018,9,50,30,8,1.0,0.0
0.0016005192157050629,9,50,30,8,3.0,0.0
0.0025541314718711505,9,50,30,8,5.0,0.0
0.0007651583337115903,9,50,30,9,0.5,0.0
0.0007334290305370772,9,50,30,9,1.0,0.0
0.0008854994743178647,9,50,30,9,3.0,0.0
0.0019870228363747236,9,50,30,9,5.0,0.0
1.650268191148522e-06,9,50,30,10,0.5,0.0
1.1028781641298558e-05,9,50,30,10,1.0,0.0
0.00011820500714421691,9,50,30,10,3.0,0.0
0.0017276902089027907,9,50,30,10,5.0,0.0
5.617829741921565e-06,9,50,30,11,0.5,0.0
7.102643276542947e-06,9,50,30,11,1.0,0.0
8.992305028058087e-05,9,50,30,11,3.0,0.0
0.0016188109402826018,9,50,30,11,5.0,0.0
2.999172877006703e-06,9,50,30,12,0.5,0.0
5.6860033266388025e-06,9,50,30,12,1.0,0.0
6.436252541216461e-05,9,50,30,12,3.0,0.0
0.0015925102028662074,9,50,30,12,5.0,0.0
0.0017127110227151388,9,100,10,8,0.5,0.0
0.0015397420598058597,9,100,10,8,1.0,0.0
0.020901980380489786,9,100,10,8,3.0,0.0
0.07951509730523754,9,100,10,8,5.0,0.0
0.0008899737691241316,9,100,10,9,0.5,0.0
0.0007751037651964508,9,100,10,9,1.0,0.0
0.022074503003744927,9,100,10,9,3.0,0.0
0.08326986934174353,9,100,10,9,5.0,0.0
1.3159780215776454e-05,9,100,10,10,0.5,0.0
4.219162180586123e-05,9,100,10,10,1.0,0.0
0.02438313492457227,9,100,10,10,3.0,0.0
0.08890830808489884,9,100,10,10,5.0,0.0
1.1510535695316465e-05,9,100,10,11,0.5,0.0
3.8905292659149384e-05,9,100,10,11,1.0,0.0
0.026174624010330536,9,100,10,11,3.0,0.0
0.09629905705661979,9,100,10,11,5.0,0.0
4.572625361327329e-06,9,100,10,12,0.5,0.0
5.056984730422241e-05,9,100,10,12,1.0,0.0
0.027925928106556103,9,100,10,12,3.0,0.0
0.09707620225082263,9,100,10,12,5.0,0.0
0.0018277681198940346,9,100,20,8,0.5,0.0
0.0015264848677115396,9,100,20,8,1.0,0.0
0.0021481111677714706,9,100,20,8,3.0,0.0
0.00916962856007332,9,100,20,8,5.0,0.0
0.000925286534080858,9,100,20,9,0.5,0.0
0.0007444152596235969,9,100,20,9,1.0,0.0
0.00136050387242074,9,100,20,9,3.0,0.0
0.01012603830222898,9,100,20,9,5.0,0.0
1.7573899238604147e-06,9,100,20,10,0.5,0.0
2.070761784480341e-05,9,100,20,10,1.0,0.0
0.0006970564129344277,9,100,20,10,3.0,0.0
0.011678427088231979,9,100,20,10,5.0,0.0
4.4817166503333564e-06,9,100,20,11,0.5,0.0
7.1008368916775365e-06,9,100,20,11,1.0,0.0
0.0007372107725975967,9,100,20,11,3.0,0.0
0.012706464205175533,9,100,20,11,5.0,0.0
1.7759019894146962e-06,9,100,20,12,0.5,0.0
4.299627703545482e-06,9,100,20,12,1.0,0.0
0.001012483706175504,9,100,20,12,3.0,0.0
0.012676622565321028,9,100,20,12,5.0,0.0
0.0019090977056003802,9,100,30,8,0.5,0.0
0.0015252210183228057,9,100,30,8,1.0,0.0
0.0015902222356099997,9,100,30,8,3.0,0.0
0.0023752922885679944,9,100,30,8,5.0,0.0
0.0007611962702097703,9,100,30,9,0.5,0.0
0.0007361723607160863,9,100,30,9,1.0,0.0
0.0008309343760946988,9,100,30,9,3.0,0.0
0.0018243707888520497,9,100,30,9,5.0,0.0
3.519197046819726e-07,9,100,30,10,0.5,0.0
1.5043332658638776e-05,9,100,30,10,1.0,0.0
6.119037159977881e-05,9,100,30,10,3.0,0.0
0.0014069327999349285,9,100,30,10,5.0,0.0
1.930166189835224e-06,9,100,30,11,0.5,0.0
2.2687254221208615e-06,9,100,30,11,1.0,0.0
3.259414537027962e-05,9,100,30,11,3.0,0.0
0.0015569871030233612,9,100,30,11,5.0,0.0
9.36130773007715e-07,9,100,30,12,0.5,0.0
2.0185955074847014e-06,9,100,30,12,1.0,0.0
5.8605243890561445e-05,9,100,30,12,3.0,0.0
0.001701294551453695,9,100,30,12,5.0,0.0
