n_objects,train_ratio,trial_id,rank,true_rank,rmse,seed
100,0.4,0,8,10,0.24063711952657285,0
100,0.4,0,9,10,0.27418541045436023,0
100,0.4,0,10,10,0.2931313297136275,0
100,0.4,0,11,10,0.32238634409680894,0
100,0.4,0,12,10,0.3377329473093314,0
100,0.4,1,8,10,0.28651482493781,1
100,0.4,1,9,10,0.30515718275967757,1
100,0.4,1,10,10,0.3377979556604292,1
100,0.4,1,11,10,0.3630477042346977,1
100,0.4,1,12,10,0.3920956208379727,1
100,0.4,2,8,10,0.2769023495132205,2
100,0.4,2,9,10,0.29880033586207017,2
100,0.4,2,10,10,0.3091033304219247,2
100,0.4,2,11,10,0.3235695084779035,2
100,0.4,2,12,10,0.3432423011242439,2
100,0.4,3,8,10,0.2171515515544577,3
100,0.4,3,9,10,0.23826223310340336,3
100,0.4,3,10,10,0.2556174240466496,3
100,0.4,3,11,10,0.26739768439180045,3
100,0.4,3,12,10,0.279041026431775,3
100,0.4,4,8,10,0.2667000527248398,4
100,0.4,4,9,10,0.30399247752139713,4
100,0.4,4,10,10,0.3019574736186145,4
100,0.4,4,11,10,0.34010793442490805,4
100,0.4,4,12,10,0.37804566371951526,4
100,0.45,0,8,10,0.1833591343606555,5
100,0.45,0,9,10,0.21275840312667835,5
100,0.45,0,10,10,0.2297357176402421,5
100,0.45,0,11,10,0.2500797757048646,5
100,0.45,0,12,10,0.27368651760887186,5
100,0.45,1,8,10,0.20195843637249844,6
100,0.45,1,9,10,0.21790665097425702,6
100,0.45,1,10,10,0.23186218886757376,6
100,0.45,1,11,10,0.2525157795864289,6
100,0.45,1,12,10,0.26190986132512645,6
100,0.45,2,8,10,0.1440157069817085,7
100,0.45,2,9,10,0.16648700463284727,7
100,0.45,2,10,10,0.18539850141901779,7
100,0.45,2,11,10,0.20489217860971273,7
100,0.45,2,12,10,0.21034581518193937,7
100,0.45,3,8,10,0.15694031422719032,8
100,0.45,3,9,10,0.17846192506222963,8
100,0.45,3,10,10,0.19141302443220704,8
100,0.45,3,11,10,0.20461838495086007,8
100,0.45,3,12,10,0.20402333676037607,8
100,0.45,4,8,10,0.25666059112921696,9
100,0.45,4,9,10,0.28241292981818145,9
100,0.45,4,10,10,0.291201431633828,9
100,0.45,4,11,10,0.3328955463292111,9
100,0.45,4,12,10,0.3384080941780656,9
100,0.5,0,8,10,0.11663696063713819,10
100,0.5,0,9,10,0.1369523819962478,10
100,0.5,0,10,10,0.1517882054049245,10
100,0.5,0,11,10,0.1770772627774684,10
100,0.5,0,12,10,0.18327986828494677,10
100,0.5,1,8,10,0.11428219078131792,11
100,0.5,1,9,10,0.12551165133811137,11
100,0.5,1,10,10,0.14635653281763963,11
100,0.5,1,11,10,0.15101693004393243,11
100,0.5,1,12,10,0.16047961255052218,11
100,0.5,2,8,10,0.1398993846771952,12
100,0.5,2,9,10,0.1599146888851192,12
100,0.5,2,10,10,0.16738929508891853,12
100,0.5,2,11,10,0.1908421423973982,12
100,0.5,2,12,10,0.2144683560337799,12
100,0.5,3,8,10,0.11049669211217115,13
100,0.5,3,9,10,0.1147283426210116,13
100,0.5,3,10,10,0.12765425113893605,13
100,0.5,3,11,10,0.14398955332492275,13
100,0.5,3,12,10,0.15631491036052572,13
100,0.5,4,8,10,0.15233912869450925,14
100,0.5,4,9,10,0.161832583150217,14
100,0.5,4,10,10,0.1879638785237262,14
100,0.5,4,11,10,0.20642019009645082,14
100,0.5,4,12,10,0.22725177259745133,14
100,0.55,0,8,10,0.09620421518257335,15
100,0.55,0,9,10,0.11119554179822402,15
100,0.55,0,10,10,0.14238304331419885,15
100,0.55,0,11,10,0.14673547956647054,15
100,0.55,0,12,10,0.15588856651394384,15
100,0.55,1,8,10,0.09714541161088924,16
100,0.55,1,9,10,0.11102328395188983,16
100,0.55,1,10,10,0.11537902616067165,16
100,0.55,1,11,10,0.14192096303249654,16
100,0.55,1,12,10,0.14153377895209276,16
100,0.55,2,8,10,0.06107614273540563,17
100,0.55,2,9,10,0.05984697472667541,17
100,0.55,2,10,10,0.06695766925672057,17
100,0.55,2,11,10,0.06903523553019465,17
100,0.55,2,12,10,0.07305421688637116,17
100,0.55,3,8,10,0.08549464357035294,18
100,0.55,3,9,10,0.09778044277679632,18
100,0.55,3,10,10,0.1055278212473436,18
100,0.55,3,11,10,0.11910136027185925,18
100,0.55,3,12,10,0.12865164591873565,18
100,0.55,4,8,10,0.08381282186165064,19
100,0.55,4,9,10,0.09452474901901914,19
100,0.55,4,10,10,0.10497859373869278,19
100,0.55,4,11,10,0.12648098905444982,19
100,0.55,4,12,10,0.12434605920472652,19
100,0.6,0,8,10,0.056566441991083356,20
100,0.6,0,9,10,0.05982074809225647,20
100,0.6,0,10,10,0.06891186662871504,20
100,0.6,0,11,10,0.07805916555283585,20
100,0.6,0,12,10,0.08674677823255503,20
100,0.6,1,8,10,0.04666686036803663,21
100,0.6,1,9,10,0.062481026832168156,21
100,0.6,1,10,10,0.06828203573261417,21
100,0.6,1,11,10,0.0702575902084971,21
100,0.6,1,12,10,0.08289920611787881,21
100,0.6,2,8,10,0.03685588872642131,22
100,0.6,2,9,10,0.04372648088002569,22
100,0.6,2,10,10,0.04579495788374249,22
100,0.6,2,11,10,0.0559278986202929,22
100,0.6,2,12,10,0.06479364231779908,22
100,0.6,3,8,10,0.041586442276315284,23
100,0.6,3,9,10,0.05049603333099764,23
100,0.6,3,10,10,0.04474930158019858,23
100,0.6,3,11,10,0.05914889972453148,23
100,0.6,3,12,10,0.06452585088565113,23
100,0.6,4,8,10,0.05003149124731865,24
100,0.6,4,9,10,0.06669579850985466,24
100,0.6,4,10,10,0.0674555215176559,24
100,0.6,4,11,10,0.0767326734673072,24
100,0.6,4,12,10,0.09002632063747461,24
100,0.65,0,8,10,0.029692643730841288,25
100,0.65,0,9,10,0.035254603231719875,25
100,0.65,0,10,10,0.03387981160743611,25
100,0.65,0,11,10,0.04069778025203841,25
100,0.65,0,12,10,0.04778062469588098,25
100,0.65,1,8,10,0.01553738918955289,26
100,0.65,1,9,10,0.01958425127039721,26
100,0.65,1,10,10,0.021299058200335213,26
100,0.65,1,11,10,0.027459094441101898,26
100,0.65,1,12,10,0.03292246780685771,26
100,0.65,2,8,10,0.02898167808089417,27
100,0.65,2,9,10,0.037512880971107485,27
100,0.65,2,10,10,0.05040004534820734,27
100,0.65,2,11,10,0.05790974652577649,27
100,0.65,2,12,10,0.06871429288043157,27
100,0.65,3,8,10,0.05203484794633361,28
100,0.65,3,9,10,0.05654858234212726,28
100,0.65,3,10,10,0.06874313584725505,28
100,0.65,3,11,10,0.07947264829485061,28
100,0.65,3,12,10,0.10370931461051734,28
100,0.65,4,8,10,0.018803048033998026,29
100,0.65,4,9,10,0.02338519961535319,29
100,0.65,4,10,10,0.02904499215897469,29
100,0.65,4,11,10,0.03445986544054871,29
100,0.65,4,12,10,0.04064456981898715,29
100,0.7,0,8,10,0.01305977088808313,30
100,0.7,0,9,10,0.011142696099523767,30
100,0.7,0,10,10,0.009638390424867145,30
100,0.7,0,11,10,0.016080119487710796,30
100,0.7,0,12,10,0.025239533647443305,30
100,0.7,1,8,10,0.016473548767161773,31
100,0.7,1,9,10,0.014653050690627289,31
100,0.7,1,10,10,0.011670477174231843,31
100,0.7,1,11,10,0.022575233839879583,31
100,0.7,1,12,10,0.0306159801606918,31
100,0.7,2,8,10,0.023168674227497993,32
100,0.7,2,9,10,0.022997275008926628,32
100,0.7,2,10,10,0.026711185939617292,32
100,0.7,2,11,10,0.030146992418647187,32
100,0.7,2,12,10,0.03985372419731232,32
100,0.7,3,8,10,0.015188871881122928,33
100,0.7,3,9,10,0.013931181201428236,33
100,0.7,3,10,10,0.010396093740884231,33
100,0.7,3,11,10,0.013846568070311767,33
100,0.7,3,12,10,0.01803191258595798,33
100,0.7,4,8,10,0.010935401668118624,34
100,0.7,4,9,10,0.009272228173435976,34
100,0.7,4,10,10,0.009552589660898817,34
100,0.7,4,11,10,0.015295689489701036,34
100,0.7,4,12,10,0.02534928613436033,34
100,0.75,0,8,10,0.011254337907119783,35
100,0.75,0,9,10,0.00612588296117413,35
100,0.75,0,10,10,0.0020450491372464652,35
100,0.75,0,11,10,0.006466542248294489,35
100,0.75,0,12,10,0.00918598237635079,35
100,0.75,1,8,10,0.01112967870123786,36
100,0.75,1,9,10,0.006242077902406764,36
100,0.75,1,10,10,0.0028471021851118974,36
100,0.75,1,11,10,0.006155674814561511,36
100,0.75,1,12,10,0.01426402460122912,36
100,0.75,2,8,10,0.009164374278744933,37
100,0.75,2,9,10,0.005207297068441931,37
100,0.75,2,10,10,0.0030640426520148665,37
100,0.75,2,11,10,0.005599965976600155,37
100,0.75,2,12,10,0.009078837502446991,37
100,0.75,3,8,10,0.007668756722936187,38
100,0.75,3,9,10,0.004285749633113698,38
100,0.75,3,10,10,0.0027010594445378254,38
100,0.75,3,11,10,0.005866697302199492,38
100,0.75,3,12,10,0.01058360190496241,38
100,0.75,4,8,10,0.009728668370990378,39
100,0.75,4,9,10,0.006655216110860388,39
100,0.75,4,10,10,0.0035317956542507494,39
100,0.75,4,11,10,0.007529133522995705,39
100,0.75,4,12,10,0.010982855235724584,39
100,0.8,0,8,10,0.008904547319855283,40
100,0.8,0,9,10,0.0052094289440243816,40
100,0.8,0,10,10,0.0015797590639728487,40
100,0.8,0,11,10,0.0036636751527481487,40
100,0.8,0,12,10,0.004989136625785402,40
100,0.8,1,8,10,0.00853686478159371,41
100,0.8,1,9,10,0.0045664698911068325,41
100,0.8,1,10,10,0.0008976553602447504,41
100,0.8,1,11,10,0.0022883963588945185,41
100,0.8,1,12,10,0.004480565206535754,41
100,0.8,2,8,10,0.00731843539102231,42
100,0.8,2,9,10,0.0038336879851992548,42
100,0.8,2,10,10,0.0011231518342128257,42
100,0.8,2,11,10,0.0028348693165946514,42
100,0.8,2,12,10,0.007296935082274915,42
100,0.8,3,8,10,0.00671530526464412,43
100,0.8,3,9,10,0.002919225840866742,43
100,0.8,3,10,10,0.001280844616545082,43
100,0.8,3,11,10,0.003455973840755091,43
100,0.8,3,12,10,0.00786643850711078,43
100,0.8,4,8,10,0.009861471766274589,44
100,0.8,4,9,10,0.005161549029384652,44
100,0.8,4,10,10,0.0010184551451571005,44
100,0.8,4,11,10,0.0026806728750259487,44
100,0.8,4,12,10,0.003938896975072505,44
200,0.4,0,8,10,0.11759994946230828,45
200,0.4,0,9,10,0.1281801823520282,45
200,0.4,0,10,10,0.14133560279176163,45
200,0.4,0,11,10,0.1474231711602206,45
200,0.4,0,12,10,0.1546111972450544,45
200,0.4,1,8,10,0.12341822224958303,46
200,0.4,1,9,10,0.13238099109264415,46
200,0.4,1,10,10,0.1436329197752702,46
200,0.4,1,11,10,0.1570286137605394,46
200,0.4,1,12,10,0.1651986999444695,46
200,0.4,2,8,10,0.15571754925687326,47
200,0.4,2,9,10,0.1679491411279889,47
200,0.4,2,10,10,0.18241568657394885,47
200,0.4,2,11,10,0.189791763663662,47
200,0.4,2,12,10,0.21514988008169636,47
200,0.4,3,8,10,0.1118308672211124,48
200,0.4,3,9,10,0.11873339517682133,48
200,0.4,3,10,10,0.13174242735334823,48
200,0.4,3,11,10,0.13634358491638016,48
200,0.4,3,12,10,0.13646481393208093,48
200,0.4,4,8,10,0.11142006794132246,49
200,0.4,4,9,10,0.14542047920420242,49
200,0.4,4,10,10,0.15574047076750572,49
200,0.4,4,11,10,0.16315378247609044,49
200,0.4,4,12,10,0.17295449108921657,49
200,0.45,0,8,10,0.07583280774199794,50
200,0.45,0,9,10,0.07727541521522906,50
200,0.45,0,10,10,0.08417605046357009,50
200,0.45,0,11,10,0.09432580374398376,50
200,0.45,0,12,10,0.09983755540047105,50
200,0.45,1,8,10,0.07798429651332181,51
200,0.45,1,9,10,0.08542855148227159,51
200,0.45,1,10,10,0.08987043836630636,51
200,0.45,1,11,10,0.10209316204466096,51
200,0.45,1,12,10,0.1088492138823996,51
200,0.45,2,8,10,0.05902883876746886,52
200,0.45,2,9,10,0.0652844784291144,52
200,0.45,2,10,10,0.07552906063586039,52
200,0.45,2,11,10,0.0836522614101949,52
200,0.45,2,12,10,0.0943678340191307,52
200,0.45,3,8,10,0.06167367731742546,53
200,0.45,3,9,10,0.06766709749203116,53
200,0.45,3,10,10,0.07075428528852112,53
200,0.45,3,11,10,0.0767415439267009,53
200,0.45,3,12,10,0.08263629430074168,53
200,0.45,4,8,10,0.06099727484977673,54
200,0.45,4,9,10,0.0657035339808801,54
200,0.45,4,10,10,0.0779257832307312,54
200,0.45,4,11,10,0.07902020366127357,54
200,0.45,4,12,10,0.08820392973297453,54
200,0.5,0,8,10,0.04049734247257185,55
200,0.5,0,9,10,0.04828510360595843,55
200,0.5,0,10,10,0.04723344381410302,55
200,0.5,0,11,10,0.05092026138228522,55
200,0.5,0,12,10,0.056178296202509165,55
200,0.5,1,8,10,0.04257473342729229,56
200,0.5,1,9,10,0.04289608374430668,56
200,0.5,1,10,10,0.0494047061476655,56
200,0.5,1,11,10,0.05479692083742655,56
200,0.5,1,12,10,0.05952033693106406,56
200,0.5,2,8,10,0.035732285586032794,57
200,0.5,2,9,10,0.03367376244195003,57
200,0.5,2,10,10,0.04236921516147282,57
200,0.5,2,11,10,0.04746664753633242,57
200,0.5,2,12,10,0.048011536077964476,57
200,0.5,3,8,10,0.03945457905705702,58
200,0.5,3,9,10,0.04557890336347835,58
200,0.5,3,10,10,0.048611131532480194,58
200,0.5,3,11,10,0.052272223164299206,58
200,0.5,3,12,10,0.06289124731202761,58
200,0.5,4,8,10,0.033978111778902455,59
200,0.5,4,9,10,0.039413143151139134,59
200,0.5,4,10,10,0.0350799880678073,59
200,0.5,4,11,10,0.04257975084882819,59
200,0.5,4,12,10,0.045778190969440725,59
200,0.55,0,8,10,0.016855191089080266,60
200,0.55,0,9,10,0.01284874691409071,60
200,0.55,0,10,10,0.010135219097371298,60
200,0.55,0,11,10,0.013938893477786415,60
200,0.55,0,12,10,0.017053462348152863,60
200,0.55,1,8,10,0.017425237980415093,61
200,0.55,1,9,10,0.012306381285955606,61
200,0.55,1,10,10,0.013613078247920742,61
200,0.55,1,11,10,0.013219610464572214,61
200,0.55,1,12,10,0.015614668844655736,61
200,0.55,2,8,10,0.01986236925182924,62
200,0.55,2,9,10,0.016071049801083502,62
200,0.55,2,10,10,0.015590557119785074,62
200,0.55,2,11,10,0.017961459476950718,62
200,0.55,2,12,10,0.021647857612787844,62
200,0.55,3,8,10,0.012722887191224044,63
200,0.55,3,9,10,0.010319019126401614,63
200,0.55,3,10,10,0.008829545457698217,63
200,0.55,3,11,10,0.011569024938791866,63
200,0.55,3,12,10,0.014752658142506783,63
200,0.55,4,8,10,0.012078272086734088,64
200,0.55,4,9,10,0.010053250873569787,64
200,0.55,4,10,10,0.008197316026704116,64
200,0.55,4,11,10,0.009467858051798736,64
200,0.55,4,12,10,0.012310400784534345,64
200,0.6,0,8,10,0.01100694323284791,65
200,0.6,0,9,10,0.00594598257548021,65
200,0.6,0,10,10,0.0037562009954492125,65
200,0.6,0,11,10,0.006019230769229393,65
200,0.6,0,12,10,0.007464193809350716,65
200,0.6,1,8,10,0.01615031820114667,66
200,0.6,1,9,10,0.009123112086432555,66
200,0.6,1,10,10,0.00456668188520707,66
200,0.6,1,11,10,0.006008849873979557,66
200,0.6,1,12,10,0.008828871507973653,66
200,0.6,2,8,10,0.012503048756663429,67
200,0.6,2,9,10,0.008133218777711079,67
200,0.6,2,10,10,0.00678192799994856,67
200,0.6,2,11,10,0.0072362119855728475,67
200,0.6,2,12,10,0.009943052271873873,67
200,0.6,3,8,10,0.01271734572999867,68
200,0.6,3,9,10,0.007162997352203397,68
200,0.6,3,10,10,0.0037310160192190966,68
200,0.6,3,11,10,0.004946514366279147,68
200,0.6,3,12,10,0.007828044529615769,68
200,0.6,4,8,10,0.012963339348866473,69
200,0.6,4,9,10,0.008061024454044314,69
200,0.6,4,10,10,0.004591473258286685,69
200,0.6,4,11,10,0.005748639367868943,69
200,0.6,4,12,10,0.009594574993669365,69
200,0.65,0,8,10,0.009152046779251403,70
200,0.65,0,9,10,0.005350685000004569,70
200,0.65,0,10,10,0.00206376260990535,70
200,0.65,0,11,10,0.0033311719515524327,70
200,0.65,0,12,10,0.0046365350001386675,70
200,0.65,1,8,10,0.010219643781222231,71
200,0.65,1,9,10,0.004874975033010872,71
200,0.65,1,10,10,0.0012858183203455738,71
200,0.65,1,11,10,0.002517855566399849,71
200,0.65,1,12,10,0.004061923446479316,71
200,0.65,2,8,10,0.009477454403207086,72
200,0.65,2,9,10,0.005389836590564111,72
200,0.65,2,10,10,0.0013889712443013675,72
200,0.65,2,11,10,0.002589406414526425,72
200,0.65,2,12,10,0.0033579302039098403,72
200,0.65,3,8,10,0.010997572308198289,73
200,0.65,3,9,10,0.0059528371575254795,73
200,0.65,3,10,10,0.0011189852954629782,73
200,0.65,3,11,10,0.0019125517944280253,73
200,0.65,3,12,10,0.0025426131669202237,73
200,0.65,4,8,10,0.009379896815968859,74
200,0.65,4,9,10,0.005374591034929527,74
200,0.65,4,10,10,0.002746833054514662,74
200,0.65,4,11,10,0.004905991100960391,74
200,0.65,4,12,10,0.005571034091276297,74
200,0.7,0,8,10,0.009944807020785432,75
200,0.7,0,9,10,0.004916662049661525,75
200,0.7,0,10,10,0.0006840806068806283,75
200,0.7,0,11,10,0.0010217759112922465,75
200,0.7,0,12,10,0.001323294519280101,75
200,0.7,1,8,10,0.010814386444662823,76
200,0.7,1,9,10,0.005038192305984719,76
200,0.7,1,10,10,0.0006609159233097596,76
200,0.7,1,11,10,0.001232308261926336,76
200,0.7,1,12,10,0.0019305382774581043,76
200,0.7,2,8,10,0.009267157885611492,77
200,0.7,2,9,10,0.004296288374106564,77
200,0.7,2,10,10,0.0006021577667688588,77
200,0.7,2,11,10,0.0006783248360736581,77
200,0.7,2,12,10,0.0017105817093638243,77
200,0.7,3,8,10,0.00826011337439234,78
200,0.7,3,9,10,0.004377458750233163,78
200,0.7,3,10,10,0.0008948459281813174,78
200,0.7,3,11,10,0.0020678333576855438,78
200,0.7,3,12,10,0.0038320381623302355,78
200,0.7,4,8,10,0.00888126762273057,79
200,0.7,4,9,10,0.004260486184733059,79
200,0.7,4,10,10,0.0007260664029589762,79
200,0.7,4,11,10,0.0008581609827853542,79
200,0.7,4,12,10,0.0014090498645116583,79
200,0.75,0,8,10,0.011119467738835147,80
200,0.75,0,9,10,0.005433032625353977,80
200,0.75,0,10,10,0.0004333738672070884,80
200,0.75,0,11,10,0.0007103618142705867,80
200,0.75,0,12,10,0.0007866910958952959,80
200,0.75,1,8,10,0.009920642961677328,81
200,0.75,1,9,10,0.004087700249747417,81
200,0.75,1,10,10,0.0004633701410760797,81
200,0.75,1,11,10,0.0007183135382223918,81
200,0.75,1,12,10,0.0006348590939317867,81
200,0.75,2,8,10,0.00842958510522623,82
200,0.75,2,9,10,0.004089706474692853,82
200,0.75,2,10,10,0.00037807696689240233,82
200,0.75,2,11,10,0.000933438717068556,82
200,0.75,2,12,10,0.0012336362981770165,82
200,0.75,3,8,10,0.00852841911389699,83
200,0.75,3,9,10,0.004745303193724672,83
200,0.75,3,10,10,0.0009278241426987306,83
200,0.75,3,11,10,0.0009494434658511052,83
200,0.75,3,12,10,0.0015571938429382324,83
200,0.75,4,8,10,0.009576890864744867,84
200,0.75,4,9,10,0.005281769816023601,84
200,0.75,4,10,10,0.00046099626920785694,84
200,0.75,4,11,10,0.0003584605276710184,84
200,0.75,4,12,10,0.0013584244249787974,84
200,0.8,0,8,10,0.008842349650325317,85
200,0.8,0,9,10,0.0045486807289225675,85
200,0.8,0,10,10,0.0003422821506414836,85
200,0.8,0,11,10,0.0002712545870503805,85
200,0.8,0,12,10,0.00040340731311588353,85
200,0.8,1,8,10,0.009369685557332176,86
200,0.8,1,9,10,0.0038730849861450616,86
200,0.8,1,10,10,0.0004028443274644689,86
200,0.8,1,11,10,0.0006964961511632075,86
200,0.8,1,12,10,0.0011478937735755063,86
200,0.8,2,8,10,0.008430062339056067,87
200,0.8,2,9,10,0.004544303940322088,87
200,0.8,2,10,10,0.0003870704940712421,87
200,0.8,2,11,10,0.0004255132655629124,87
200,0.8,2,12,10,0.00043286207870248057,87
200,0.8,3,8,10,0.009782395146373168,88
200,0.8,3,9,10,0.005290512514870263,88
200,0.8,3,10,10,0.00036721799552232157,88
200,0.8,3,11,10,0.000282676331928145,88
200,0.8,3,12,10,0.00047779332857136023,88
200,0.8,4,8,10,0.009509588056981965,89
200,0.8,4,9,10,0.0044535824990020265,89
200,0.8,4,10,10,0.00038167786866473197,89
200,0.8,4,11,10,0.0002479104963188785,89
200,0.8,4,12,10,0.0008135691205093516,89
500,0.4,0,8,10,0.02962090494976515,90
500,0.4,0,9,10,0.02767246931192857,90
500,0.4,0,10,10,0.027598889562862224,90
500,0.4,0,11,10,0.02994760031750897,90
500,0.4,0,12,10,0.03263214914622272,90
500,0.4,1,8,10,0.02876553369907921,91
500,0.4,1,9,10,0.027299430576594463,91
500,0.4,1,10,10,0.025306555049156486,91
500,0.4,1,11,10,0.025365671465392453,91
500,0.4,1,12,10,0.0287847521681233,91
500,0.4,2,8,10,0.03194442731892065,92
500,0.4,2,9,10,0.02818335669115238,92
500,0.4,2,10,10,0.032262000075429856,92
500,0.4,2,11,10,0.028597942718457472,92
500,0.4,2,12,10,0.03080004363814103,92
500,0.4,3,8,10,0.03282829266486844,93
500,0.4,3,9,10,0.031062713627926137,93
500,0.4,3,10,10,0.03291917425353371,93
500,0.4,3,11,10,0.035001560483692885,93
500,0.4,3,12,10,0.03753339216274601,93
500,0.4,4,8,10,0.03172143691076908,94
500,0.4,4,9,10,0.034136827414439117,94
500,0.4,4,10,10,0.03508040817837082,94
500,0.4,4,11,10,0.03756291594701046,94
500,0.4,4,12,10,0.0396619157847559,94
500,0.45,0,8,10,0.017729996284794176,95
500,0.45,0,9,10,0.013300321333063414,95
500,0.45,0,10,10,0.009871469273411365,95
500,0.45,0,11,10,0.012076157351349296,95
500,0.45,0,12,10,0.014065345092670907,95
500,0.45,1,8,10,0.01733839882123674,96
500,0.45,1,9,10,0.012703845322452962,96
500,0.45,1,10,10,0.009268776635737015,96
500,0.45,1,11,10,0.011113019540657115,96
500,0.45,1,12,10,0.011762273170152956,96
500,0.45,2,8,10,0.018033930353753013,97
500,0.45,2,9,10,0.01204818081534084,97
500,0.45,2,10,10,0.007380447325848918,97
500,0.45,2,11,10,0.008718007248385177,97
500,0.45,2,12,10,0.010276312140286178,97
500,0.45,3,8,10,0.016627545652999676,98
500,0.45,3,9,10,0.011676878189556301,98
500,0.45,3,10,10,0.010795283062054128,98
500,0.45,3,11,10,0.011218317938945165,98
500,0.45,3,12,10,0.013175977863827484,98
500,0.45,4,8,10,0.0184870206412362,99
500,0.45,4,9,10,0.014223991401240622,99
500,0.45,4,10,10,0.0116377132751886,99
500,0.45,4,11,10,0.012541897104791477,99
500,0.45,4,12,10,0.01599845196072486,99
500,0.5,0,8,10,0.01282343067037171,100
500,0.5,0,9,10,0.007380706263559071,100
500,0.5,0,10,10,0.002619717682044489,100
500,0.5,0,11,10,0.0034150725019106098,100
500,0.5,0,12,10,0.0038355790336128395,100
500,0.5,1,8,10,0.01346759604068943,101
500,0.5,1,9,10,0.008665363292718282,101
500,0.5,1,10,10,0.002925166057564511,101
500,0.5,1,11,10,0.0036660485874739227,101
500,0.5,1,12,10,0.0046544214538865964,101
500,0.5,2,8,10,0.013643203405632362,102
500,0.5,2,9,10,0.007394749057480602,102
500,0.5,2,10,10,0.002724003597390658,102
500,0.5,2,11,10,0.003066457487715485,102
500,0.5,2,12,10,0.003507360094993435,102
500,0.5,3,8,10,0.013225378336175223,103
500,0.5,3,9,10,0.007565642214524546,103
500,0.5,3,10,10,0.002793860043482569,103
500,0.5,3,11,10,0.0033107455083327434,103
500,0.5,3,12,10,0.003996258390825452,103
500,0.5,4,8,10,0.012609181924268006,104
500,0.5,4,9,10,0.00694123474371837,104
500,0.5,4,10,10,0.002896444640833267,104
500,0.5,4,11,10,0.00338118432055978,104
500,0.5,4,12,10,0.004090861883639351,104
500,0.55,0,8,10,0.012503436799674287,105
500,0.55,0,9,10,0.006904579569233094,105
500,0.55,0,10,10,0.0013590891939077854,105
500,0.55,0,11,10,0.0013535604761745587,105
500,0.55,0,12,10,0.001422320057092961,105
500,0.55,1,8,10,0.012696551283170729,106
500,0.55,1,9,10,0.00660853984990908,106
500,0.55,1,10,10,0.0011985446959782936,106
500,0.55,1,11,10,0.001266673533902359,106
500,0.55,1,12,10,0.0015196399714296662,106
500,0.55,2,8,10,0.012069977652165274,107
500,0.55,2,9,10,0.005752280999468469,107
500,0.55,2,10,10,0.0011545299885320505,107
500,0.55,2,11,10,0.0012452911386733425,107
500,0.55,2,12,10,0.0015479403914944987,107
500,0.55,3,8,10,0.011470037232144813,108
500,0.55,3,9,10,0.006490357332328458,108
500,0.55,3,10,10,0.0010589251480976195,108
500,0.55,3,11,10,0.0013195605696384757,108
500,0.55,3,12,10,0.0015349586838194586,108
500,0.55,4,8,10,0.013109481947469574,109
500,0.55,4,9,10,0.006438291845207217,109
500,0.55,4,10,10,0.0013227383605636162,109
500,0.55,4,11,10,0.001162981136461193,109
500,0.55,4,12,10,0.001564619010670549,109
500,0.6,0,8,10,0.012108793961399215,110
500,0.6,0,9,10,0.005807040374786063,110
500,0.6,0,10,10,0.0008503248907258204,110
500,0.6,0,11,10,0.0005173365452732872,110
500,0.6,0,12,10,0.0007232378091368029,110
500,0.6,1,8,10,0.010266655183655432,111
500,0.6,1,9,10,0.005112377147398642,111
500,0.6,1,10,10,0.0006925661114727127,111
500,0.6,1,11,10,0.0006229466045899013,111
500,0.6,1,12,10,0.0006347583652276435,111
500,0.6,2,8,10,0.01142421455607182,112
500,0.6,2,9,10,0.005776245484044883,112
500,0.6,2,10,10,0.0007473754867433081,112
500,0.6,2,11,10,0.0006538990682727749,112
500,0.6,2,12,10,0.0006338420334075468,112
500,0.6,3,8,10,0.011684032382860901,113
500,0.6,3,9,10,0.005589514639985608,113
500,0.6,3,10,10,0.0007893630910869697,113
500,0.6,3,11,10,0.00056936783052962,113
500,0.6,3,12,10,0.0006890742689022845,113
500,0.6,4,8,10,0.01083486511996466,114
500,0.6,4,9,10,0.005899026188072405,114
500,0.6,4,10,10,0.0009000272775689495,114
500,0.6,4,11,10,0.0006347226085949767,114
500,0.6,4,12,10,0.0008239308042698113,114
500,0.65,0,8,10,0.010515263900107857,115
500,0.65,0,9,10,0.004925830906987328,115
500,0.65,0,10,10,0.00039395971866944214,115
500,0.65,0,11,10,0.0003311301525289314,115
500,0.65,0,12,10,0.0003802513946961501,115
500,0.65,1,8,10,0.011082470366815011,116
500,0.65,1,9,10,0.005801752915073972,116
500,0.65,1,10,10,0.0005310222092837091,116
500,0.65,1,11,10,0.00035700425496238954,116
500,0.65,1,12,10,0.00031483638838813196,116
500,0.65,2,8,10,0.01065881237831901,117
500,0.65,2,9,10,0.005269913950667457,117
500,0.65,2,10,10,0.0005342235970983463,117
500,0.65,2,11,10,0.00036659072005028857,117
500,0.65,2,12,10,0.00026808115276706444,117
500,0.65,3,8,10,0.010323643491627257,118
500,0.65,3,9,10,0.004683058303821415,118
500,0.65,3,10,10,0.0003991470193318102,118
500,0.65,3,11,10,0.0004655030533263853,118
500,0.65,3,12,10,0.00031871995674650637,118
500,0.65,4,8,10,0.012003766321158495,119
500,0.65,4,9,10,0.005615204620356143,119
500,0.65,4,10,10,0.0005089355620129744,119
500,0.65,4,11,10,0.00027743229429587986,119
500,0.65,4,12,10,0.00034569894125828575,119
500,0.7,0,8,10,0.009597401174740379,120
500,0.7,0,9,10,0.004267958318322598,120
500,0.7,0,10,10,0.00030031233980672985,120
500,0.7,0,11,10,0.00012850188853588752,120
500,0.7,0,12,10,0.00020980776302470064,120
500,0.7,1,8,10,0.010721352031891089,121
500,0.7,1,9,10,0.0056623602067890945,121
500,0.7,1,10,10,0.00020414888087366145,121
500,0.7,1,11,10,0.00028174900345821416,121
500,0.7,1,12,10,0.00015086274347551488,121
500,0.7,2,8,10,0.012013533820611377,122
500,0.7,2,9,10,0.005808912651867127,122
500,0.7,2,10,10,0.000333734737606259,122
500,0.7,2,11,10,0.00014016447699596263,122
500,0.7,2,12,10,0.00014940450992849397,122
500,0.7,3,8,10,0.009788616560777235,123
500,0.7,3,9,10,0.004796897983585075,123
500,0.7,3,10,10,0.0003867568597141577,123
500,0.7,3,11,10,9.128106612421394e-05,123
500,0.7,3,12,10,0.00012871266269263526,123
500,0.7,4,8,10,0.010847668745571649,124
500,0.7,4,9,10,0.005835641786880361,124
500,0.7,4,10,10,0.0004110458435096041,124
500,0.7,4,11,10,0.000267494726497473,124
500,0.7,4,12,10,0.00022027743650122463,124
500,0.75,0,8,10,0.011710788082482042,125
500,0.75,0,9,10,0.005132912497491286,125
500,0.75,0,10,10,0.0004068311089918115,125
500,0.75,0,11,10,0.00013447219885383608,125
500,0.75,0,12,10,0.00018309880990418693,125
500,0.75,1,8,10,0.010824446408280989,126
500,0.75,1,9,10,0.005404597068442579,126
500,0.75,1,10,10,0.0004434768241779744,126
500,0.75,1,11,10,7.061437551202666e-05,126
500,0.75,1,12,10,0.00021651714691177411,126
500,0.75,2,8,10,0.010748394073952507,127
500,0.75,2,9,10,0.005080224717909534,127
500,0.75,2,10,10,0.0004944200516250379,127
500,0.75,2,11,10,0.000276947005957868,127
500,0.75,2,12,10,0.00012957836233239132,127
500,0.75,3,8,10,0.0105777555827198,128
500,0.75,3,9,10,0.005282830802969592,128
500,0.75,3,10,10,0.00025826166176920115,128
500,0.75,3,11,10,9.759605777077149e-05,128
500,0.75,3,12,10,0.0001102309240674235,128
500,0.75,4,8,10,0.009878392994381504,129
500,0.75,4,9,10,0.004727182611022545,129
500,0.75,4,10,10,0.0002482087294157328,129
500,0.75,4,11,10,0.00026855288754663013,129
500,0.75,4,12,10,0.0001666367357009826,129
500,0.8,0,8,10,0.010668821831678917,130
500,0.8,0,9,10,0.005268251873631758,130
500,0.8,0,10,10,0.00023624995841344204,130
500,0.8,0,11,10,0.00015536364971455616,130
500,0.8,0,12,10,8.82639254300883e-05,130
500,0.8,1,8,10,0.009878307554854521,131
500,0.8,1,9,10,0.005385206728249166,131
500,0.8,1,10,10,0.00026528788436091583,131
500,0.8,1,11,10,0.0001498011725617228,131
500,0.8,1,12,10,0.00018730059172326224,131
500,0.8,2,8,10,0.010426589431610544,132
500,0.8,2,9,10,0.005410012241311242,132
500,0.8,2,10,10,0.00023020662880775277,132
500,0.8,2,11,10,0.0002903873665818707,132
500,0.8,2,12,10,9.448100022521517e-05,132
500,0.8,3,8,10,0.010702330759446729,133
500,0.8,3,9,10,0.005247803281167281,133
500,0.8,3,10,10,0.00030652620404891584,133
500,0.8,3,11,10,0.00014284941252038722,133
500,0.8,3,12,10,0.00011273185442499555,133
500,0.8,4,8,10,0.01025244273703021,134
500,0.8,4,9,10,0.004677865913142902,134
500,0.8,4,10,10,6.731932396233283e-05,134
500,0.8,4,11,10,0.00020953454301117806,134
500,0.8,4,12,10,9.923764691738701e-05,134
1000,0.4,0,8,10,0.01771022605934982,135
1000,0.4,0,9,10,0.01169683223797324,135
1000,0.4,0,10,10,0.00761938982832914,135
1000,0.4,0,11,10,0.007933121431049647,135
1000,0.4,0,12,10,0.008583652692251323,135
1000,0.4,1,8,10,0.01661941085742528,136
1000,0.4,1,9,10,0.013394297485151472,136
1000,0.4,1,10,10,0.008378359385647856,136
1000,0.4,1,11,10,0.009681738156680567,136
1000,0.4,1,12,10,0.0093944510201092,136
1000,0.4,2,8,10,0.01767674770014732,137
1000,0.4,2,9,10,0.012213986159709513,137
1000,0.4,2,10,10,0.007317541723404628,137
1000,0.4,2,11,10,0.007737214364679122,137
1000,0.4,2,12,10,0.008170514576032909,137
1000,0.4,3,8,10,0.017458712357813697,138
1000,0.4,3,9,10,0.011909300767512909,138
1000,0.4,3,10,10,0.007041521091437857,138
1000,0.4,3,11,10,0.006833758381506324,138
1000,0.4,3,12,10,0.007802582951467237,138
1000,0.4,4,8,10,0.016491204766051547,139
1000,0.4,4,9,10,0.01253171401716239,139
1000,0.4,4,10,10,0.008214951417860586,139
1000,0.4,4,11,10,0.007983018445364415,139
1000,0.4,4,12,10,0.009253275861767303,139
1000,0.45,0,8,10,0.013944830382099739,140
1000,0.45,0,9,10,0.007771064209031601,140
1000,0.45,0,10,10,0.002617711510247765,140
1000,0.45,0,11,10,0.002732185346006921,140
1000,0.45,0,12,10,0.002627139426836346,140
1000,0.45,1,8,10,0.013573665823169448,141
1000,0.45,1,9,10,0.007438454382272061,141
1000,0.45,1,10,10,0.0026461258468794824,141
1000,0.45,1,11,10,0.0026107076059199916,141
1000,0.45,1,12,10,0.00275436567641774,141
1000,0.45,2,8,10,0.01537272658790261,142
1000,0.45,2,9,10,0.008016028571220631,142
1000,0.45,2,10,10,0.002758083046924975,142
1000,0.45,2,11,10,0.002851017289828702,142
1000,0.45,2,12,10,0.0028835339462183404,142
1000,0.45,3,8,10,0.012840605870122106,143
1000,0.45,3,9,10,0.007209956909945603,143
1000,0.45,3,10,10,0.0027920718815698893,143
1000,0.45,3,11,10,0.0025309368752008256,143
1000,0.45,3,12,10,0.0027405576005988816,143
1000,0.45,4,8,10,0.013043602069846703,144
1000,0.45,4,9,10,0.007277727601165716,144
1000,0.45,4,10,10,0.0024228177568552246,144
1000,0.45,4,11,10,0.002675678483395625,144
1000,0.45,4,12,10,0.0028316254660267935,144
1000,0.5,0,8,10,0.013009845904544456,145
1000,0.5,0,9,10,0.0064542323034882275,145
1000,0.5,0,10,10,0.0009280433066866876,145
1000,0.5,0,11,10,0.001013748522397632,145
1000,0.5,0,12,10,0.0009771094425155163,145
1000,0.5,1,8,10,0.01332095156993993,146
1000,0.5,1,9,10,0.007473156471856978,146
1000,0.5,1,10,10,0.0012330455323917705,146
1000,0.5,1,11,10,0.0011945116920928816,146
1000,0.5,1,12,10,0.0010686876202385181,146
1000,0.5,2,8,10,0.012665883710125921,147
1000,0.5,2,9,10,0.007932566834095545,147
1000,0.5,2,10,10,0.001242679079021605,147
1000,0.5,2,11,10,0.0008471409451102621,147
1000,0.5,2,12,10,0.0011338282421490228,147
1000,0.5,3,8,10,0.012871615416849325,148
1000,0.5,3,9,10,0.006678055901837089,148
1000,0.5,3,10,10,0.0012377168742991565,148
1000,0.5,3,11,10,0.0009412231526315674,148
1000,0.5,3,12,10,0.0011365547311690603,148
1000,0.5,4,8,10,0.012910501481536373,149
1000,0.5,4,9,10,0.007251998124684754,149
1000,0.5,4,10,10,0.0012633541707606812,149
1000,0.5,4,11,10,0.0009628168895109536,149
1000,0.5,4,12,10,0.0009778396644189195,149
1000,0.55,0,8,10,0.012070473870249773,150
1000,0.55,0,9,10,0.006524353870224464,150
1000,0.55,0,10,10,0.0008367438385359385,150
1000,0.55,0,11,10,0.0002959111516375409,150
1000,0.55,0,12,10,0.00046062940583532997,150
1000,0.55,1,8,10,0.012864654794255932,151
1000,0.55,1,9,10,0.007116800929149057,151
1000,0.55,1,10,10,0.0006705611724786041,151
1000,0.55,1,11,10,0.0006130900602392585,151
1000,0.55,1,12,10,0.0004338525880784002,151
1000,0.55,2,8,10,0.01199179769879094,152
1000,0.55,2,9,10,0.006757049140469128,152
1000,0.55,2,10,10,0.0004740956834169435,152
1000,0.55,2,11,10,0.0006613781572764682,152
1000,0.55,2,12,10,0.0003905746497984018,152
1000,0.55,3,8,10,0.0121794136228384,153
1000,0.55,3,9,10,0.0064353320495712,153
1000,0.55,3,10,10,0.00100517933058706,153
1000,0.55,3,11,10,0.0005757738846586246,153
1000,0.55,3,12,10,0.0004591177021707461,153
1000,0.55,4,8,10,0.014216477555875285,154
1000,0.55,4,9,10,0.007003809957199693,154
1000,0.55,4,10,10,0.0009388383714058231,154
1000,0.55,4,11,10,0.0006781505781991639,154
1000,0.55,4,12,10,0.0004796327926343668,154
1000,0.6,0,8,10,0.012548743628822091,155
1000,0.6,0,9,10,0.006148172644621898,155
1000,0.6,0,10,10,0.0006726358274421182,155
1000,0.6,0,11,10,0.0004522997228946713,155
1000,0.6,0,12,10,0.00021627060446423077,155
1000,0.6,1,8,10,0.010737099623658547,156
1000,0.6,1,9,10,0.0053162087213609955,156
1000,0.6,1,10,10,0.00047764821676647825,156
1000,0.6,1,11,10,0.0003961443837218557,156
1000,0.6,1,12,10,0.0003021914585256318,156
1000,0.6,2,8,10,0.011544727092119667,157
1000,0.6,2,9,10,0.005599828557644607,157
1000,0.6,2,10,10,0.0004278808384997577,157
1000,0.6,2,11,10,0.0002739072399638766,157
1000,0.6,2,12,10,0.00034147688051381064,157
1000,0.6,3,8,10,0.0116471529307532,158
1000,0.6,3,9,10,0.005779459731843075,158
1000,0.6,3,10,10,0.0007622678373714305,158
1000,0.6,3,11,10,0.0004309263241329016,158
1000,0.6,3,12,10,0.00026343661209912614,158
1000,0.6,4,8,10,0.01234287123872347,159
1000,0.6,4,9,10,0.006767522514730096,159
1000,0.6,4,10,10,0.0007841807767728243,159
1000,0.6,4,11,10,0.000511250311478928,159
1000,0.6,4,12,10,0.0003709868417526404,159
1000,0.65,0,8,10,0.012219900702380946,160
1000,0.65,0,9,10,0.005820465319169772,160
1000,0.65,0,10,10,0.00044614246732965773,160
1000,0.65,0,11,10,0.00018969673802021392,160
1000,0.65,0,12,10,0.0002290277076079199,160
1000,0.65,1,8,10,0.01125079296609035,161
1000,0.65,1,9,10,0.005968255438473741,161
1000,0.65,1,10,10,0.00019045036402141752,161
1000,0.65,1,11,10,0.0002999201814224937,161
1000,0.65,1,12,10,0.00020293175122081705,161
1000,0.65,2,8,10,0.011658654553883135,162
1000,0.65,2,9,10,0.006246902341054265,162
1000,0.65,2,10,10,0.0005046960909517598,162
1000,0.65,2,11,10,0.00024987442524995534,162
1000,0.65,2,12,10,0.0003893849263060051,162
1000,0.65,3,8,10,0.011458026486133211,163
1000,0.65,3,9,10,0.005664714786818767,163
1000,0.65,3,10,10,0.00030241095646009946,163
1000,0.65,3,11,10,0.00016407258916664957,163
1000,0.65,3,12,10,0.00014307908092123123,163
1000,0.65,4,8,10,0.010703095569177035,164
1000,0.65,4,9,10,0.005175142349008719,164
1000,0.65,4,10,10,0.00021292184211910836,164
1000,0.65,4,11,10,0.00016967640798075536,164
1000,0.65,4,12,10,0.00014815475824990636,164
1000,0.7,0,8,10,0.01129122071466801,165
1000,0.7,0,9,10,0.0056053371709534955,165
1000,0.7,0,10,10,0.0004976826637523511,165
1000,0.7,0,11,10,7.642021675861326e-05,165
1000,0.7,0,12,10,0.00016529283332108183,165
1000,0.7,1,8,10,0.010876982349493993,166
1000,0.7,1,9,10,0.0057100381444481416,166
1000,0.7,1,10,10,0.0004124172928842755,166
1000,0.7,1,11,10,0.00030904602141076877,166
1000,0.7,1,12,10,0.0001447813821871133,166
1000,0.7,2,8,10,0.011348229299085752,167
1000,0.7,2,9,10,0.005454302452369502,167
1000,0.7,2,10,10,0.0006341069929556048,167
1000,0.7,2,11,10,0.00025491337450735064,167
1000,0.7,2,12,10,0.00016746899132413507,167
1000,0.7,3,8,10,0.01112038183633438,168
1000,0.7,3,9,10,0.005112442287760679,168
1000,0.7,3,10,10,8.489367416225997e-05,168
1000,0.7,3,11,10,0.0002852687084003912,168
1000,0.7,3,12,10,0.00010602024758345125,168
1000,0.7,4,8,10,0.011565371183123506,169
1000,0.7,4,9,10,0.006020230852129281,169
1000,0.7,4,10,10,0.0005198944454098943,169
1000,0.7,4,11,10,0.0002971319999370473,169
1000,0.7,4,12,10,0.00020747536642828354,169
1000,0.75,0,8,10,0.010667361461310048,170
1000,0.75,0,9,10,0.005526751431127614,170
1000,0.75,0,10,10,0.0002764853149124157,170
1000,0.75,0,11,10,0.0002968290197174595,170
1000,0.75,0,12,10,0.00019128980835321133,170
1000,0.75,1,8,10,0.011884699150825552,171
1000,0.75,1,9,10,0.006431761858837303,171
1000,0.75,1,10,10,0.00028398403291254805,171
1000,0.75,1,11,10,0.00012508912871098989,171
1000,0.75,1,12,10,0.0001953008770435356,171
1000,0.75,2,8,10,0.011584168600830239,172
1000,0.75,2,9,10,0.0053507176305434894,172
1000,0.75,2,10,10,0.00024068475581266795,172
1000,0.75,2,11,10,0.0001711812855210794,172
1000,0.75,2,12,10,0.00023138562191771911,172
1000,0.75,3,8,10,0.011427406150173021,173
1000,0.75,3,9,10,0.00515948562171435,173
1000,0.75,3,10,10,0.00040317166045452095,173
1000,0.75,3,11,10,0.00026530184108677804,173
1000,0.75,3,12,10,7.787415673853779e-05,173
1000,0.75,4,8,10,0.011451239953388606,174
1000,0.75,4,9,10,0.005990846475588307,174
1000,0.75,4,10,10,9.098164904176669e-05,174
1000,0.75,4,11,10,0.0001470418570408475,174
1000,0.75,4,12,10,0.00011188652478548645,174
1000,0.8,0,8,10,0.01128428035931544,175
1000,0.8,0,9,10,0.005813753320519771,175
1000,0.8,0,10,10,0.00018693543794957943,175
1000,0.8,0,11,10,0.0001617750051092975,175
1000,0.8,0,12,10,0.00016796410155226916,175
1000,0.8,1,8,10,0.011601239640440875,176
1000,0.8,1,9,10,0.005798150703093119,176
1000,0.8,1,10,10,0.0001889653761800898,176
1000,0.8,1,11,10,0.00012218878111430975,176
1000,0.8,1,12,10,4.961325090704131e-05,176
1000,0.8,2,8,10,0.011383357268992965,177
1000,0.8,2,9,10,0.005820175871327297,177
1000,0.8,2,10,10,8.665825233221568e-05,177
1000,0.8,2,11,10,0.00011165724413817248,177
1000,0.8,2,12,10,0.00015132594982753868,177
1000,0.8,3,8,10,0.012265055882134456,178
1000,0.8,3,9,10,0.0063494786156701125,178
1000,0.8,3,10,10,0.0003828217174381227,178
1000,0.8,3,11,10,0.0002495368647069897,178
1000,0.8,3,12,10,4.0922741937581073e-05,178
1000,0.8,4,8,10,0.011351191139233854,179
1000,0.8,4,9,10,0.006025600862586464,179
1000,0.8,4,10,10,0.00015663373997377186,179
1000,0.8,4,11,10,7.338243459965418e-05,179
1000,0.8,4,12,10,4.9709284619355985e-05,179
2000,0.4,0,8,10,0.014293429583619574,180
2000,0.4,0,9,10,0.00883386007793227,180
2000,0.4,0,10,10,0.0031366507497295848,180
2000,0.4,0,11,10,0.003130780386961832,180
2000,0.4,0,12,10,0.0032548757883026497,180
2000,0.4,1,8,10,0.015486423811245913,181
2000,0.4,1,9,10,0.009340043217174203,181
2000,0.4,1,10,10,0.003276842748482193,181
2000,0.4,1,11,10,0.00311049658134326,181
2000,0.4,1,12,10,0.003266910368181604,181
2000,0.4,2,8,10,0.01488072382956529,182
2000,0.4,2,9,10,0.008659621827470168,182
2000,0.4,2,10,10,0.002741492972678765,182
2000,0.4,2,11,10,0.0028832601610761263,182
2000,0.4,2,12,10,0.003172387294115894,182
2000,0.4,3,8,10,0.01418275026523157,183
2000,0.4,3,9,10,0.008544114667856255,183
2000,0.4,3,10,10,0.003222822851482506,183
2000,0.4,3,11,10,0.003285789879783222,183
2000,0.4,3,12,10,0.0034057590541326454,183
2000,0.4,4,8,10,0.015151557600582882,184
2000,0.4,4,9,10,0.009389740861190331,184
2000,0.4,4,10,10,0.003154382842965791,184
2000,0.4,4,11,10,0.002939509784655321,184
2000,0.4,4,12,10,0.003286656452667982,184
2000,0.45,0,8,10,0.013188238121489915,185
2000,0.45,0,9,10,0.006997102373941108,185
2000,0.45,0,10,10,0.0014500040009013298,185
2000,0.45,0,11,10,0.0014544163770245076,185
2000,0.45,0,12,10,0.0011812134131674607,185
2000,0.45,1,8,10,0.013462909656406598,186
2000,0.45,1,9,10,0.008435663863855846,186
2000,0.45,1,10,10,0.0014436039796302347,186
2000,0.45,1,11,10,0.0013074197594031428,186
2000,0.45,1,12,10,0.0011391451717021725,186
2000,0.45,2,8,10,0.014043789953837147,187
2000,0.45,2,9,10,0.006968851370123597,187
2000,0.45,2,10,10,0.0011438659266118998,187
2000,0.45,2,11,10,0.0012749329099029404,187
2000,0.45,2,12,10,0.0012561567938808537,187
2000,0.45,3,8,10,0.013009200429668214,188
2000,0.45,3,9,10,0.007206294080765799,188
2000,0.45,3,10,10,0.0017652464177606696,188
2000,0.45,3,11,10,0.0012181325916334061,188
2000,0.45,3,12,10,0.0012269941258122709,188
2000,0.45,4,8,10,0.013172622276067565,189
2000,0.45,4,9,10,0.00671193757097257,189
2000,0.45,4,10,10,0.0015621938946953759,189
2000,0.45,4,11,10,0.0014711654599506192,189
2000,0.45,4,12,10,0.0013621330242108939,189
2000,0.5,0,8,10,0.012811341241091722,190
2000,0.5,0,9,10,0.0068149856096806705,190
2000,0.5,0,10,10,0.00041404322446171273,190
2000,0.5,0,11,10,0.0005589125576402912,190
2000,0.5,0,12,10,0.0005332733762682437,190
2000,0.5,1,8,10,0.013353497533480195,191
2000,0.5,1,9,10,0.006861795628782423,191
2000,0.5,1,10,10,0.0008893695667066571,191
2000,0.5,1,11,10,0.0006760356039926039,191
2000,0.5,1,12,10,0.0005622180078687076,191
2000,0.5,2,8,10,0.013593990070626451,192
2000,0.5,2,9,10,0.006962924854633803,192
2000,0.5,2,10,10,0.0009456252878534204,192
2000,0.5,2,11,10,0.0005404430049505451,192
2000,0.5,2,12,10,0.0004887812600412423,192
2000,0.5,3,8,10,0.013536568163076279,193
2000,0.5,3,9,10,0.007170733893151727,193
2000,0.5,3,10,10,0.0007083997327574583,193
2000,0.5,3,11,10,0.0004953355546615234,193
2000,0.5,3,12,10,0.00045080365688942187,193
2000,0.5,4,8,10,0.012702862792464544,194
2000,0.5,4,9,10,0.006626780927106365,194
2000,0.5,4,10,10,0.0009038349767765964,194
2000,0.5,4,11,10,0.0005185849813585472,194
2000,0.5,4,12,10,0.0005995796270974911,194
2000,0.55,0,8,10,0.012177506790355551,195
2000,0.55,0,9,10,0.006067678682038459,195
2000,0.55,0,10,10,0.0004911344660072404,195
2000,0.55,0,11,10,0.0005174279707524079,195
2000,0.55,0,12,10,0.00025337514778944406,195
2000,0.55,1,8,10,0.01252906058371058,196
2000,0.55,1,9,10,0.0065921049563508,196
2000,0.55,1,10,10,0.0005668793519266101,196
2000,0.55,1,11,10,0.0006696302180555408,196
2000,0.55,1,12,10,0.0002832949867612006,196
2000,0.55,2,8,10,0.013066058924210765,197
2000,0.55,2,9,10,0.007077270391535809,197
2000,0.55,2,10,10,0.0005611182470483957,197
2000,0.55,2,11,10,0.0004156701977789516,197
2000,0.55,2,12,10,0.00020964285785196607,197
2000,0.55,3,8,10,0.013086426756765654,198
2000,0.55,3,9,10,0.006845366852332647,198
2000,0.55,3,10,10,0.0005194516707646887,198
2000,0.55,3,11,10,0.00034560276863605154,198
2000,0.55,3,12,10,0.00017236728816551907,198
2000,0.55,4,8,10,0.01291158808337625,199
2000,0.55,4,9,10,0.00668378466514336,199
2000,0.55,4,10,10,0.000587136703974653,199
2000,0.55,4,11,10,0.00047593941287991465,199
2000,0.55,4,12,10,0.0003108070221144877,199
2000,0.6,0,8,10,0.011979831829873784,200
2000,0.6,0,9,10,0.005835413686278644,200
2000,0.6,0,10,10,0.000459747904776778,200
2000,0.6,0,11,10,0.000207522908179337,200
2000,0.6,0,12,10,0.00022223907453589202,200
2000,0.6,1,8,10,0.012502767553221949,201
2000,0.6,1,9,10,0.006148819324663535,201
2000,0.6,1,10,10,0.0001945474076913833,201
2000,0.6,1,11,10,0.00031331753944453816,201
2000,0.6,1,12,10,0.00013323360519242196,201
2000,0.6,2,8,10,0.012841958671057401,202
2000,0.6,2,9,10,0.006241498141464044,202
2000,0.6,2,10,10,0.000455537032685128,202
2000,0.6,2,11,10,0.00023215511697437978,202
2000,0.6,2,12,10,0.00018087286690513898,202
2000,0.6,3,8,10,0.012328411498426584,203
2000,0.6,3,9,10,0.006831635742276832,203
2000,0.6,3,10,10,0.00018870468749053863,203
2000,0.6,3,11,10,0.0005368043875666113,203
2000,0.6,3,12,10,0.00015405887565318047,203
2000,0.6,4,8,10,0.012171039493653927,204
2000,0.6,4,9,10,0.006011985479822294,204
2000,0.6,4,10,10,0.00047172076461671897,204
2000,0.6,4,11,10,0.00044671377186740225,204
2000,0.6,4,12,10,0.0001896120190291141,204
2000,0.65,0,8,10,0.013098939033889158,205
2000,0.65,0,9,10,0.006851351717954697,205
2000,0.65,0,10,10,0.0005807572645029081,205
2000,0.65,0,11,10,0.00022490211538013193,205
2000,0.65,0,12,10,0.00023003302760206515,205
2000,0.65,1,8,10,0.01221427388321433,206
2000,0.65,1,9,10,0.006236309293084164,206
2000,0.65,1,10,10,0.0004156284732197099,206
2000,0.65,1,11,10,0.00014643284160074197,206
2000,0.65,1,12,10,0.00018455173991266012,206
2000,0.65,2,8,10,0.012821339103069667,207
2000,0.65,2,9,10,0.006432683584494849,207
2000,0.65,2,10,10,0.00028797157302951033,207
2000,0.65,2,11,10,0.00042410864082300753,207
2000,0.65,2,12,10,0.0002093434815943569,207
2000,0.65,3,8,10,0.012073535371991151,208
2000,0.65,3,9,10,0.006132973434793676,208
2000,0.65,3,10,10,0.0002224022819187844,208
2000,0.65,3,11,10,0.00013110923259172615,208
2000,0.65,3,12,10,0.00021454179039728525,208
2000,0.65,4,8,10,0.012662660395204674,209
2000,0.65,4,9,10,0.006607763945705555,209
2000,0.65,4,10,10,0.0002653047442299963,209
2000,0.65,4,11,10,0.00027722072104260264,209
2000,0.65,4,12,10,0.0003328518707269118,209
2000,0.7,0,8,10,0.011380986064269774,210
2000,0.7,0,9,10,0.005615695113879324,210
2000,0.7,0,10,10,0.00013936562679312247,210
2000,0.7,0,11,10,0.0003917998077704497,210
2000,0.7,0,12,10,0.00020871931896709506,210
2000,0.7,1,8,10,0.01247318121606713,211
2000,0.7,1,9,10,0.00586060443407865,211
2000,0.7,1,10,10,0.0006670493047944649,211
2000,0.7,1,11,10,0.00041897255972639044,211
2000,0.7,1,12,10,8.418817251002994e-05,211
2000,0.7,2,8,10,0.012491859880879249,212
2000,0.7,2,9,10,0.006199273337639691,212
2000,0.7,2,10,10,0.0007426738116717559,212
2000,0.7,2,11,10,0.0002671203500616306,212
2000,0.7,2,12,10,0.0002699611640261905,212
2000,0.7,3,8,10,0.010915952751594153,213
2000,0.7,3,9,10,0.0059810483345030885,213
2000,0.7,3,10,10,0.0002035648944145935,213
2000,0.7,3,11,10,0.00011174238913783475,213
2000,0.7,3,12,10,7.718359797492313e-05,213
2000,0.7,4,8,10,0.012375524838816994,214
2000,0.7,4,9,10,0.0063011860838539085,214
2000,0.7,4,10,10,0.0006318502282222322,214
2000,0.7,4,11,10,0.00018691556407767032,214
2000,0.7,4,12,10,0.00021110229690568015,214
2000,0.75,0,8,10,0.01214125566108936,215
2000,0.75,0,9,10,0.006155975461679155,215
2000,0.75,0,10,10,0.0002385902145547377,215
2000,0.75,0,11,10,0.00022716193227588543,215
2000,0.75,0,12,10,8.758590027159346e-05,215
2000,0.75,1,8,10,0.011443117784751385,216
2000,0.75,1,9,10,0.005430468595505633,216
2000,0.75,1,10,10,0.00018426324949689585,216
2000,0.75,1,11,10,0.00016380290134688735,216
2000,0.75,1,12,10,0.00011915541856317667,216
2000,0.75,2,8,10,0.01222204902671853,217
2000,0.75,2,9,10,0.006215224271479823,217
2000,0.75,2,10,10,0.0005492966614895062,217
2000,0.75,2,11,10,6.216445379077828e-05,217
2000,0.75,2,12,10,8.658851801459078e-05,217
2000,0.75,3,8,10,0.012309056216624615,218
2000,0.75,3,9,10,0.005976406992183008,218
2000,0.75,3,10,10,6.712891319832573e-05,218
2000,0.75,3,11,10,0.00013923134914144524,218
2000,0.75,3,12,10,0.00017520796105515422,218
2000,0.75,4,8,10,0.012290783473497968,219
2000,0.75,4,9,10,0.005709539143542127,219
2000,0.75,4,10,10,0.0002819465893798526,219
2000,0.75,4,11,10,0.00015552280867345088,219
2000,0.75,4,12,10,0.0001517272726533824,219
2000,0.8,0,8,10,0.012761557801760037,220
2000,0.8,0,9,10,0.00630596436599575,220
2000,0.8,0,10,10,0.00031199180212222597,220
2000,0.8,0,11,10,7.374880956767056e-05,220
2000,0.8,0,12,10,0.00015063993337263555,220
2000,0.8,1,8,10,0.011865555107262915,221
2000,0.8,1,9,10,0.005872759189676382,221
2000,0.8,1,10,10,0.00019817097638618575,221
2000,0.8,1,11,10,0.0001618242793276488,221
2000,0.8,1,12,10,0.0001311777906427212,221
2000,0.8,2,8,10,0.011954102929377172,222
2000,0.8,2,9,10,0.0056842178256839805,222
2000,0.8,2,10,10,0.0002491289077769537,222
2000,0.8,2,11,10,0.00022103500497281333,222
2000,0.8,2,12,10,9.980961791935417e-05,222
2000,0.8,3,8,10,0.011602160032250737,223
2000,0.8,3,9,10,0.0059729038000620035,223
2000,0.8,3,10,10,6.610849781837158e-05,223
2000,0.8,3,11,10,8.544284098411197e-05,223
2000,0.8,3,12,10,0.00017864280623008398,223
2000,0.8,4,8,10,0.011924175936104535,224
2000,0.8,4,9,10,0.005673378908647694,224
2000,0.8,4,10,10,0.0002696382720289412,224
2000,0.8,4,11,10,7.270914006761544e-05,224
2000,0.8,4,12,10,6.414741513388028e-05,224
