Dimension,Correlation,SNR,Seed
0,0.9971228019106956,1.0,0
1,0.9963427574760688,1.0,0
2,0.9962518661715938,1.0,0
3,0.9961622226380648,1.0,0
4,0.9960754119710882,1.0,0
5,0.9960321085191541,1.0,0
6,0.99576923236801,1.0,0
7,0.9956023240129465,1.0,0
8,0.9953286777393923,1.0,0
9,0.9952773657470906,1.0,0
10,0.9952573819702828,1.0,0
11,0.9952364818522682,1.0,0
12,0.9951511766440497,1.0,0
13,0.9950617925612165,1.0,0
14,0.9948296337920305,1.0,0
15,0.9947109133539385,1.0,0
16,0.9946928475630007,1.0,0
17,0.9946461132719993,1.0,0
18,0.9944770879648323,1.0,0
19,0.9943320180781724,1.0,0
20,0.9943188193828364,1.0,0
21,0.9942384680088262,1.0,0
22,0.9941357849113357,1.0,0
23,0.9941019117400409,1.0,0
24,0.9937363965451383,1.0,0
25,0.9934728372025281,1.0,0
26,0.9934598124657492,1.0,0
27,0.9934339088386139,1.0,0
28,0.9933959272155767,1.0,0
29,0.9933166303565185,1.0,0
30,0.9928689275581996,1.0,0
31,0.9926925507403578,1.0,0
32,0.992261400957076,1.0,0
33,0.9922279786037007,1.0,0
34,0.992164825885661,1.0,0
35,0.9920469770026188,1.0,0
36,0.9913245150957272,1.0,0
37,0.9912244957932647,1.0,0
38,0.9898636296080124,1.0,0
39,0.988785944783229,1.0,0
40,0.9885720695156043,1.0,0
41,0.9874220273163417,1.0,0
42,0.975256870466978,1.0,0
43,0.9639823907195987,1.0,0
44,0.9506644169684779,1.0,0
45,0.9076794954463845,1.0,0
46,0.6730952476635036,1.0,0
47,0.4082369766866797,1.0,0
48,0.1092220471163685,1.0,0
0,0.9971404595869746,1.0,1
1,0.9963445621102696,1.0,1
2,0.9962372210574786,1.0,1
3,0.9958262616570823,1.0,1
4,0.9958036108591531,1.0,1
5,0.9956998370473608,1.0,1
6,0.9956948684824943,1.0,1
7,0.9952698568150534,1.0,1
8,0.9952127250113624,1.0,1
9,0.9950311458463994,1.0,1
10,0.9946660253632245,1.0,1
11,0.9945193388933457,1.0,1
12,0.994509568035266,1.0,1
13,0.9945026408202826,1.0,1
14,0.9943957725701685,1.0,1
15,0.9943593293490164,1.0,1
16,0.9942965714287478,1.0,1
17,0.9942851692899287,1.0,1
18,0.9940329149623723,1.0,1
19,0.9940052407111771,1.0,1
20,0.9939336500541497,1.0,1
21,0.993516261146296,1.0,1
22,0.9933341548793335,1.0,1
23,0.993099953432273,1.0,1
24,0.9928265986292583,1.0,1
25,0.9927349971033217,1.0,1
26,0.9927327661579346,1.0,1
27,0.992523291441868,1.0,1
28,0.9925135332345058,1.0,1
29,0.9923973993581606,1.0,1
30,0.9922796647664597,1.0,1
31,0.9920474312758127,1.0,1
32,0.9914245266778435,1.0,1
33,0.9914030751623699,1.0,1
34,0.9913136076744832,1.0,1
35,0.9902925134938025,1.0,1
36,0.9902479416007092,1.0,1
37,0.9882257337575013,1.0,1
38,0.9872720315017279,1.0,1
39,0.976877791184857,1.0,1
40,0.9711103678451907,1.0,1
41,0.966911637473938,1.0,1
42,0.9620129309882671,1.0,1
43,0.9445540767079087,1.0,1
44,0.9211351335860194,1.0,1
45,0.9120446170892966,1.0,1
46,0.8796864631156859,1.0,1
47,0.5060423868711919,1.0,1
48,0.19417788393210947,1.0,1
0,0.9971323242640292,1.0,2
1,0.9964038763799434,1.0,2
2,0.9962181609100285,1.0,2
3,0.9960637866969645,1.0,2
4,0.9959067204583012,1.0,2
5,0.9959016271819993,1.0,2
6,0.9958343266200269,1.0,2
7,0.9956849974705114,1.0,2
8,0.9953590415481758,1.0,2
9,0.9953088996816438,1.0,2
10,0.9952038462683398,1.0,2
11,0.9949959239443688,1.0,2
12,0.9949937005450872,1.0,2
13,0.9949490395453298,1.0,2
14,0.9947723125654527,1.0,2
15,0.9946891290381573,1.0,2
16,0.994628783762114,1.0,2
17,0.9944460543833077,1.0,2
18,0.9944091642558911,1.0,2
19,0.9943702874468575,1.0,2
20,0.9942542205254798,1.0,2
21,0.9939807226129403,1.0,2
22,0.9935665006008526,1.0,2
23,0.9934610363430572,1.0,2
24,0.9934460528959462,1.0,2
25,0.9933858933308404,1.0,2
26,0.9933721253407449,1.0,2
27,0.9933571081708547,1.0,2
28,0.9933073062145443,1.0,2
29,0.9929553340403353,1.0,2
30,0.9923584481201747,1.0,2
31,0.9921907884419012,1.0,2
32,0.9920788614973132,1.0,2
33,0.9920167693835957,1.0,2
34,0.9908989968167845,1.0,2
35,0.9908178431043673,1.0,2
36,0.9905322124549081,1.0,2
37,0.990482271347672,1.0,2
38,0.9900093961123612,1.0,2
39,0.9889038477685063,1.0,2
40,0.9876395061922746,1.0,2
41,0.974954168511891,1.0,2
42,0.9633613020399721,1.0,2
43,0.9550747106847106,1.0,2
44,0.9051123237102799,1.0,2
45,0.8784677015759095,1.0,2
46,0.8676444547785204,1.0,2
47,0.5701086118885366,1.0,2
48,0.050846477170656185,1.0,2
0,0.9970395495739813,1.0,3
1,0.9964604362241894,1.0,3
2,0.9963209281169217,1.0,3
3,0.9961377045075498,1.0,3
4,0.9957531417360643,1.0,3
5,0.9957173540469857,1.0,3
6,0.9954686524433867,1.0,3
7,0.9954575706175977,1.0,3
8,0.9954241552132997,1.0,3
9,0.9954097226372804,1.0,3
10,0.9954038136632205,1.0,3
11,0.9953476974071486,1.0,3
12,0.9951764679598816,1.0,3
13,0.995146325627442,1.0,3
14,0.9951152107449133,1.0,3
15,0.9949705656324943,1.0,3
16,0.9948023900851967,1.0,3
17,0.9947179503318646,1.0,3
18,0.994699595244974,1.0,3
19,0.9946918075883826,1.0,3
20,0.9945916598522594,1.0,3
21,0.9942851169498114,1.0,3
22,0.9942716287168252,1.0,3
23,0.994205255264337,1.0,3
24,0.9941906100409877,1.0,3
25,0.9940156185623388,1.0,3
26,0.9939843223282143,1.0,3
27,0.993950691262673,1.0,3
28,0.9939063261909279,1.0,3
29,0.9938699965454493,1.0,3
30,0.9936308682846581,1.0,3
31,0.9935054360569087,1.0,3
32,0.9932332986365024,1.0,3
33,0.9932294971020752,1.0,3
34,0.9931252360567072,1.0,3
35,0.9930697332109594,1.0,3
36,0.9926420530063006,1.0,3
37,0.9922372622203228,1.0,3
38,0.9914171215284001,1.0,3
39,0.9902535022644149,1.0,3
40,0.9895276492572969,1.0,3
41,0.9871984500570252,1.0,3
42,0.9866998233309797,1.0,3
43,0.9784319025583884,1.0,3
44,0.9671388446021247,1.0,3
45,0.9488230143217401,1.0,3
46,0.931911423724077,1.0,3
47,0.5929919855275262,1.0,3
48,0.517716550102478,1.0,3
0,0.9970866742420919,1.0,4
1,0.9963682108479414,1.0,4
2,0.9961551870893536,1.0,4
3,0.9960976366281696,1.0,4
4,0.9959690743527898,1.0,4
5,0.9959122391824421,1.0,4
6,0.9955829010331868,1.0,4
7,0.9953360565817679,1.0,4
8,0.9952991675374445,1.0,4
9,0.9952485751624088,1.0,4
10,0.9952015501481092,1.0,4
11,0.9951078296981454,1.0,4
12,0.9950940466846835,1.0,4
13,0.9950118785080656,1.0,4
14,0.9946418540083226,1.0,4
15,0.9946000947282045,1.0,4
16,0.9944229357895407,1.0,4
17,0.9943901826267982,1.0,4
18,0.9943770596189659,1.0,4
19,0.9941595334161931,1.0,4
20,0.993981452676357,1.0,4
21,0.9939549023313698,1.0,4
22,0.9938410831421081,1.0,4
23,0.9934542060843483,1.0,4
24,0.9933294066650618,1.0,4
25,0.9932080878580473,1.0,4
26,0.9928894028131152,1.0,4
27,0.9925842383750566,1.0,4
28,0.9920974639156798,1.0,4
29,0.992055165475365,1.0,4
30,0.9919171805919671,1.0,4
31,0.9907967262749382,1.0,4
32,0.9906724355471908,1.0,4
33,0.9904318298302313,1.0,4
34,0.9868562846094661,1.0,4
35,0.9862621841468652,1.0,4
36,0.9818260894270041,1.0,4
37,0.9796952104688288,1.0,4
38,0.9779250543871975,1.0,4
39,0.9765216445949427,1.0,4
40,0.9650791057312101,1.0,4
41,0.9602976444778074,1.0,4
42,0.9506615879305452,1.0,4
43,0.9363476260429582,1.0,4
44,0.8976393524545108,1.0,4
45,0.8964479219500044,1.0,4
46,0.8042292416948124,1.0,4
47,0.5836960940527,1.0,4
48,0.012704672730231114,1.0,4
0,0.9971459870470771,1.0,5
1,0.996215306259901,1.0,5
2,0.996179063281747,1.0,5
3,0.9960226738723212,1.0,5
4,0.996012184908699,1.0,5
5,0.995864157537583,1.0,5
6,0.9957369684803778,1.0,5
7,0.9956270299736008,1.0,5
8,0.9952823775853324,1.0,5
9,0.9951941487450566,1.0,5
10,0.9949819656766234,1.0,5
11,0.9948187810791482,1.0,5
12,0.9946813769528086,1.0,5
13,0.9946235634522792,1.0,5
14,0.9944735379069891,1.0,5
15,0.9944195479518543,1.0,5
16,0.9943938152983276,1.0,5
17,0.9943342887393218,1.0,5
18,0.9941840717575327,1.0,5
19,0.994069482105049,1.0,5
20,0.9939798907499257,1.0,5
21,0.9939224923436366,1.0,5
22,0.9937616279981107,1.0,5
23,0.9936843550772856,1.0,5
24,0.9936069429634469,1.0,5
25,0.9932704160803357,1.0,5
26,0.9931458888436516,1.0,5
27,0.9928659709114266,1.0,5
28,0.9928104486865955,1.0,5
29,0.992735710345214,1.0,5
30,0.9927248290501803,1.0,5
31,0.9922062617855788,1.0,5
32,0.9921309938416438,1.0,5
33,0.9920126155536364,1.0,5
34,0.99111756616554,1.0,5
35,0.9908134440190142,1.0,5
36,0.9903748580414986,1.0,5
37,0.9899774313063829,1.0,5
38,0.989049256967022,1.0,5
39,0.9889395551912921,1.0,5
40,0.9827234409591088,1.0,5
41,0.9744019269980038,1.0,5
42,0.9716115645819923,1.0,5
43,0.9531976525115275,1.0,5
44,0.9430029990361498,1.0,5
45,0.8768370058502805,1.0,5
46,0.7633347008886076,1.0,5
47,0.4801793344337563,1.0,5
48,0.12820089030127263,1.0,5
0,0.9971489832620289,1.0,6
1,0.9962991511270447,1.0,6
2,0.9962188372570668,1.0,6
3,0.9960519110196702,1.0,6
4,0.9959762690731049,1.0,6
5,0.995856029585719,1.0,6
6,0.9956965019719192,1.0,6
7,0.995553099652142,1.0,6
8,0.9955448635815399,1.0,6
9,0.9953112424891787,1.0,6
10,0.9952379207793113,1.0,6
11,0.9950459951874683,1.0,6
12,0.9947491416241566,1.0,6
13,0.9946968534279755,1.0,6
14,0.9946891384590202,1.0,6
15,0.9945715230683416,1.0,6
16,0.9944285811177626,1.0,6
17,0.9943151981982532,1.0,6
18,0.9941895647349889,1.0,6
19,0.9941069957378721,1.0,6
20,0.9939792802839638,1.0,6
21,0.9939648093147061,1.0,6
22,0.9939118465999262,1.0,6
23,0.9937230863250522,1.0,6
24,0.9936701073485504,1.0,6
25,0.9934203864011903,1.0,6
26,0.9932962999013424,1.0,6
27,0.9932823105020692,1.0,6
28,0.9931651304500148,1.0,6
29,0.9931330172830499,1.0,6
30,0.9928624386548621,1.0,6
31,0.9926101146078592,1.0,6
32,0.9923643792358978,1.0,6
33,0.9921629133715432,1.0,6
34,0.9921470060555297,1.0,6
35,0.9919079008827999,1.0,6
36,0.9911565482076977,1.0,6
37,0.9909276916742505,1.0,6
38,0.9899919489187877,1.0,6
39,0.9898208113918662,1.0,6
40,0.9895835277546255,1.0,6
41,0.9868846086865264,1.0,6
42,0.9407731449653558,1.0,6
43,0.9188523830533379,1.0,6
44,0.7564546754306397,1.0,6
45,0.7512286818756355,1.0,6
46,0.6135708496722974,1.0,6
47,0.3702786532572579,1.0,6
48,0.05970415390681302,1.0,6
0,0.9971550913028442,1.0,7
1,0.9963816202580759,1.0,7
2,0.9963118096130996,1.0,7
3,0.996243149373377,1.0,7
4,0.9961502220544478,1.0,7
5,0.9959205279819695,1.0,7
6,0.9957153599184219,1.0,7
7,0.9952267945850539,1.0,7
8,0.9951960737007097,1.0,7
9,0.9948326664975461,1.0,7
10,0.9947806903334709,1.0,7
11,0.9946792441662659,1.0,7
12,0.9944807115624857,1.0,7
13,0.9944205426051286,1.0,7
14,0.994255068160639,1.0,7
15,0.9942210911405965,1.0,7
16,0.9941042121168513,1.0,7
17,0.9938557969657186,1.0,7
18,0.9938388447502359,1.0,7
19,0.9937406456560475,1.0,7
20,0.9937107541973015,1.0,7
21,0.9936333555208536,1.0,7
22,0.9936284497193395,1.0,7
23,0.9934860405484964,1.0,7
24,0.9933598537223499,1.0,7
25,0.993350429720404,1.0,7
26,0.9931334320524511,1.0,7
27,0.9929650832799662,1.0,7
28,0.9929040092132739,1.0,7
29,0.9928784273666862,1.0,7
30,0.9928474320824243,1.0,7
31,0.9927418321346484,1.0,7
32,0.9925490953289509,1.0,7
33,0.9919600591112145,1.0,7
34,0.9919247510222633,1.0,7
35,0.9911745545794238,1.0,7
36,0.9910027556523726,1.0,7
37,0.9903665543883449,1.0,7
38,0.9881954518437096,1.0,7
39,0.9787955294569594,1.0,7
40,0.9781996249725495,1.0,7
41,0.9772235764613357,1.0,7
42,0.9691411180293411,1.0,7
43,0.9571926653915969,1.0,7
44,0.951969945540188,1.0,7
45,0.9505343375451609,1.0,7
46,0.9212535052440216,1.0,7
47,0.5900404762431368,1.0,7
48,0.14703229063235723,1.0,7
0,0.9971053223851263,1.0,8
1,0.9966644938817205,1.0,8
2,0.9963242931651982,1.0,8
3,0.9963013394076312,1.0,8
4,0.9961269047627404,1.0,8
5,0.9960623578490035,1.0,8
6,0.9959689234768747,1.0,8
7,0.9957523452317176,1.0,8
8,0.9953764962593061,1.0,8
9,0.9953434959745757,1.0,8
10,0.9952507897880889,1.0,8
11,0.9951807745242872,1.0,8
12,0.9949674568947146,1.0,8
13,0.9946072492548881,1.0,8
14,0.9944140398142561,1.0,8
15,0.9943393261941522,1.0,8
16,0.9943212034912836,1.0,8
17,0.9942204857925744,1.0,8
18,0.9942112650507312,1.0,8
19,0.9940493321353407,1.0,8
20,0.9940033629100102,1.0,8
21,0.9939832033181976,1.0,8
22,0.9937714050016492,1.0,8
23,0.9937677130824752,1.0,8
24,0.9937574723046216,1.0,8
25,0.993604790376982,1.0,8
26,0.9935312799865866,1.0,8
27,0.9933881281781426,1.0,8
28,0.9933652246500528,1.0,8
29,0.9932958751684973,1.0,8
30,0.9925513758243187,1.0,8
31,0.9915605247355282,1.0,8
32,0.9912517407533927,1.0,8
33,0.9906292807695335,1.0,8
34,0.9906149693214051,1.0,8
35,0.9905519379807547,1.0,8
36,0.9903004314168969,1.0,8
37,0.990046826603722,1.0,8
38,0.9897856389986976,1.0,8
39,0.98619122153545,1.0,8
40,0.9797779500825,1.0,8
41,0.9777064529621906,1.0,8
42,0.9533367455930104,1.0,8
43,0.9500462250173963,1.0,8
44,0.9467447182535251,1.0,8
45,0.9336032615089942,1.0,8
46,0.8263307018787894,1.0,8
47,0.7230128137942158,1.0,8
48,0.21160438123339426,1.0,8
0,0.9963641204004847,1.0,9
1,0.9963055336458321,1.0,9
2,0.9961681131231517,1.0,9
3,0.9958178659000401,1.0,9
4,0.9955277252909397,1.0,9
5,0.995216020424367,1.0,9
6,0.9952005771029543,1.0,9
7,0.9951998395590147,1.0,9
8,0.9951597168242009,1.0,9
9,0.994897602455418,1.0,9
10,0.9948084128176442,1.0,9
11,0.9947988442815507,1.0,9
12,0.99463419504812,1.0,9
13,0.994606851010455,1.0,9
14,0.9946012788948344,1.0,9
15,0.9945631966190466,1.0,9
16,0.9945098549221606,1.0,9
17,0.994388609245348,1.0,9
18,0.9943041904504929,1.0,9
19,0.9940754295787424,1.0,9
20,0.993976454060677,1.0,9
21,0.9937972555316991,1.0,9
22,0.9937279311697934,1.0,9
23,0.9936551006370924,1.0,9
24,0.993377431847947,1.0,9
25,0.9932653120903077,1.0,9
26,0.9930810738062469,1.0,9
27,0.9930596168114898,1.0,9
28,0.9930373568767124,1.0,9
29,0.9930112911372231,1.0,9
30,0.9919251912275542,1.0,9
31,0.9913669971882382,1.0,9
32,0.9834772282242498,1.0,9
33,0.9834150911488391,1.0,9
34,0.9810512419820328,1.0,9
35,0.9773303605570984,1.0,9
36,0.9731165756582829,1.0,9
37,0.9720426908257676,1.0,9
38,0.9717511261819329,1.0,9
39,0.9619162055327914,1.0,9
40,0.9529515176195881,1.0,9
41,0.9527347438751587,1.0,9
42,0.9331173789199136,1.0,9
43,0.8965006389415007,1.0,9
44,0.8794615777698763,1.0,9
45,0.876565970764433,1.0,9
46,0.4848543791062491,1.0,9
47,0.01425631263594713,1.0,9
48,-0.04392414928943007,1.0,9
0,0.9966551234347075,1.0,10
1,0.9963773428139212,1.0,10
2,0.9960995689699439,1.0,10
3,0.9960961401162776,1.0,10
4,0.9959464868575539,1.0,10
5,0.995709381694245,1.0,10
6,0.9953381065331893,1.0,10
7,0.9952439612393585,1.0,10
8,0.9950889028764673,1.0,10
9,0.9949952185283074,1.0,10
10,0.9949723839946825,1.0,10
11,0.9949190854872326,1.0,10
12,0.9946779706972017,1.0,10
13,0.9945586301771119,1.0,10
14,0.9945407728294684,1.0,10
15,0.9945153850236357,1.0,10
16,0.9943989683981462,1.0,10
17,0.9941962386640851,1.0,10
18,0.9941655063233974,1.0,10
19,0.9937562241084421,1.0,10
20,0.9935724371517314,1.0,10
21,0.9934388028851575,1.0,10
22,0.9933200842369444,1.0,10
23,0.9932745230154048,1.0,10
24,0.9932152329219152,1.0,10
25,0.9931217180455097,1.0,10
26,0.9931027307494481,1.0,10
27,0.9930429734833884,1.0,10
28,0.9928499015145588,1.0,10
29,0.9926490556314904,1.0,10
30,0.9925606406083035,1.0,10
31,0.9921649845885717,1.0,10
32,0.9920567171449882,1.0,10
33,0.9912317253107151,1.0,10
34,0.9909468951099635,1.0,10
35,0.9906412521859532,1.0,10
36,0.9898397872188609,1.0,10
37,0.9882239430060369,1.0,10
38,0.987620804791624,1.0,10
39,0.9864808060357904,1.0,10
40,0.9830217741419287,1.0,10
41,0.9669281896592614,1.0,10
42,0.94564489023988,1.0,10
43,0.9421186598103152,1.0,10
44,0.8974258583873626,1.0,10
45,0.7783330187862443,1.0,10
46,0.5044634892050434,1.0,10
47,0.4766124477481923,1.0,10
48,0.028299060793068622,1.0,10
0,0.9965327496411335,1.0,11
1,0.9964189458759423,1.0,11
2,0.9962458751911547,1.0,11
3,0.9962142400886861,1.0,11
4,0.9961730631592216,1.0,11
5,0.9959856484221591,1.0,11
6,0.995645567655673,1.0,11
7,0.9953660298649238,1.0,11
8,0.9953427162834034,1.0,11
9,0.9952173132490157,1.0,11
10,0.9951712425333464,1.0,11
11,0.9950002649942239,1.0,11
12,0.9947239431282385,1.0,11
13,0.994659360542528,1.0,11
14,0.9945904769411644,1.0,11
15,0.9945310048513759,1.0,11
16,0.9944147667847577,1.0,11
17,0.9943982787403309,1.0,11
18,0.9943547363744399,1.0,11
19,0.9942843172268727,1.0,11
20,0.9941343690478708,1.0,11
21,0.9940131946839351,1.0,11
22,0.9938709043637621,1.0,11
23,0.9934871015178615,1.0,11
24,0.9934218078878725,1.0,11
25,0.9933279448721958,1.0,11
26,0.9931928429383143,1.0,11
27,0.993155030199467,1.0,11
28,0.9931059497681891,1.0,11
29,0.9929805526820294,1.0,11
30,0.9924482805344367,1.0,11
31,0.9921341392943545,1.0,11
32,0.9920180258446526,1.0,11
33,0.9909672300210175,1.0,11
34,0.9902886289418722,1.0,11
35,0.9896447937529096,1.0,11
36,0.9891213503280013,1.0,11
37,0.9866583447732208,1.0,11
38,0.9850094444464886,1.0,11
39,0.9832482618120406,1.0,11
40,0.9825929490632868,1.0,11
41,0.9746573606903486,1.0,11
42,0.9647322007464717,1.0,11
43,0.9500401481506267,1.0,11
44,0.926499697234709,1.0,11
45,0.8666270718327876,1.0,11
46,0.6778140976320074,1.0,11
47,0.2972551546359709,1.0,11
48,0.08770166699936709,1.0,11
0,0.9961990782687246,1.0,12
1,0.9960509045790285,1.0,12
2,0.9958231612414695,1.0,12
3,0.9956108129424918,1.0,12
4,0.9954686429633216,1.0,12
5,0.9953117919692474,1.0,12
6,0.995209937805671,1.0,12
7,0.9951338144472431,1.0,12
8,0.995100933505703,1.0,12
9,0.9949760939715331,1.0,12
10,0.9948082031723622,1.0,12
11,0.9946521255546188,1.0,12
12,0.9946211617691669,1.0,12
13,0.99448446661522,1.0,12
14,0.9944568079363489,1.0,12
15,0.9942296256891422,1.0,12
16,0.9942008702505825,1.0,12
17,0.9940077827929666,1.0,12
18,0.9939249859358898,1.0,12
19,0.9935763828713802,1.0,12
20,0.9934892190958483,1.0,12
21,0.992814695056232,1.0,12
22,0.9927398850094798,1.0,12
23,0.9926667346892848,1.0,12
24,0.9925822520662266,1.0,12
25,0.992374615271424,1.0,12
26,0.9923281804529203,1.0,12
27,0.9922754099402519,1.0,12
28,0.992104154075512,1.0,12
29,0.9911006025654637,1.0,12
30,0.9895047937859588,1.0,12
31,0.98728566509602,1.0,12
32,0.9869296722269529,1.0,12
33,0.9864440491302499,1.0,12
34,0.9864422176261468,1.0,12
35,0.985584530653449,1.0,12
36,0.983621475093894,1.0,12
37,0.9827056622391956,1.0,12
38,0.9819793733837697,1.0,12
39,0.9766437340068428,1.0,12
40,0.9689539253972892,1.0,12
41,0.9688746968115761,1.0,12
42,0.9602751950731797,1.0,12
43,0.9573805404987281,1.0,12
44,0.8149555441012053,1.0,12
45,0.797923605560521,1.0,12
46,0.7154282776305456,1.0,12
47,0.029924688213410117,1.0,12
48,-0.006539925889961148,1.0,12
0,0.9970805933985726,1.0,13
1,0.9967385487838308,1.0,13
2,0.9964827342860658,1.0,13
3,0.9961977989594459,1.0,13
4,0.9961285188609954,1.0,13
5,0.9961155848784277,1.0,13
6,0.9959468606323918,1.0,13
7,0.9957372929052788,1.0,13
8,0.9957259513091042,1.0,13
9,0.9955331740738304,1.0,13
10,0.9954177590779915,1.0,13
11,0.9953943268755523,1.0,13
12,0.9953792551194997,1.0,13
13,0.9953720736176556,1.0,13
14,0.9953711606104532,1.0,13
15,0.9951955505454624,1.0,13
16,0.995170030874551,1.0,13
17,0.9947461923964964,1.0,13
18,0.9946975358349416,1.0,13
19,0.9945133307925956,1.0,13
20,0.9945003620817469,1.0,13
21,0.9944973558969141,1.0,13
22,0.9943206255699587,1.0,13
23,0.9942828015900114,1.0,13
24,0.9942362492551473,1.0,13
25,0.994193937612569,1.0,13
26,0.9938469520765397,1.0,13
27,0.9937222073915764,1.0,13
28,0.9936355679033565,1.0,13
29,0.9934886364926372,1.0,13
30,0.9934233321395808,1.0,13
31,0.9932745906715467,1.0,13
32,0.993176326756948,1.0,13
33,0.9931467516473192,1.0,13
34,0.9931240400267873,1.0,13
35,0.9927588097794128,1.0,13
36,0.9923387800270274,1.0,13
37,0.9914894627785391,1.0,13
38,0.9903065625219529,1.0,13
39,0.989322213648204,1.0,13
40,0.9889483618564365,1.0,13
41,0.9838492171427651,1.0,13
42,0.980009806530322,1.0,13
43,0.9750471338672012,1.0,13
44,0.9684675002752878,1.0,13
45,0.9514553316352543,1.0,13
46,0.9406615912337377,1.0,13
47,0.7310494830346197,1.0,13
48,0.643691625088576,1.0,13
0,0.9968853452851629,1.0,14
1,0.9967641021565516,1.0,14
2,0.9965150035061477,1.0,14
3,0.996118116472294,1.0,14
4,0.9961010176423366,1.0,14
5,0.9960305086639986,1.0,14
6,0.9956914146160557,1.0,14
7,0.9955887658696386,1.0,14
8,0.9954928011715571,1.0,14
9,0.9954240035642328,1.0,14
10,0.9951275451629928,1.0,14
11,0.9949744243204138,1.0,14
12,0.9947516427659384,1.0,14
13,0.9946047492110833,1.0,14
14,0.9943228685531528,1.0,14
15,0.9943010783858169,1.0,14
16,0.9940380444481739,1.0,14
17,0.99402852133272,1.0,14
18,0.9940158759789222,1.0,14
19,0.9939371871899934,1.0,14
20,0.9938987346130294,1.0,14
21,0.9938977133087771,1.0,14
22,0.9938599840503917,1.0,14
23,0.9938400254813747,1.0,14
24,0.9936913250381498,1.0,14
25,0.9936748516969602,1.0,14
26,0.9936478276501814,1.0,14
27,0.9933503687331781,1.0,14
28,0.9933440275711933,1.0,14
29,0.993344002736314,1.0,14
30,0.9932329118319672,1.0,14
31,0.9931007865322028,1.0,14
32,0.9929731329640314,1.0,14
33,0.992801660649918,1.0,14
34,0.9918764399698434,1.0,14
35,0.9908854670199744,1.0,14
36,0.9878979260945729,1.0,14
37,0.9874597087270494,1.0,14
38,0.9869159150523061,1.0,14
39,0.9854949455229137,1.0,14
40,0.9848248347624143,1.0,14
41,0.9806933116056513,1.0,14
42,0.9804954301193805,1.0,14
43,0.9780682785833468,1.0,14
44,0.9774181005388507,1.0,14
45,0.9772156537397847,1.0,14
46,0.9661517356998238,1.0,14
47,0.8689800604401355,1.0,14
48,0.4014983887800618,1.0,14
0,0.9963488800953691,1.0,15
1,0.9962164435464458,1.0,15
2,0.9962122453773326,1.0,15
3,0.9961988290440085,1.0,15
4,0.9959589731724681,1.0,15
5,0.9956856879964106,1.0,15
6,0.9954991883392585,1.0,15
7,0.9954395981297852,1.0,15
8,0.9954374781396588,1.0,15
9,0.9954007209492642,1.0,15
10,0.9952059543656472,1.0,15
11,0.9951513696521759,1.0,15
12,0.9950585781963104,1.0,15
13,0.9945789074653583,1.0,15
14,0.9945421080463962,1.0,15
15,0.9945208340898962,1.0,15
16,0.9945144353637668,1.0,15
17,0.9944978237463492,1.0,15
18,0.9944463931602707,1.0,15
19,0.9943689425056599,1.0,15
20,0.9942198474663975,1.0,15
21,0.9942056861456353,1.0,15
22,0.9941761306510323,1.0,15
23,0.9940382887373609,1.0,15
24,0.9940342824789004,1.0,15
25,0.994025309653696,1.0,15
26,0.9939210224704743,1.0,15
27,0.993431337839788,1.0,15
28,0.9934098941982419,1.0,15
29,0.993398234144085,1.0,15
30,0.9932995083096191,1.0,15
31,0.9932993638988141,1.0,15
32,0.9930340603148275,1.0,15
33,0.9928211740828831,1.0,15
34,0.9924854226124719,1.0,15
35,0.9918873567864788,1.0,15
36,0.991865394056589,1.0,15
37,0.9913735779846858,1.0,15
38,0.9904343308237892,1.0,15
39,0.9900250936208511,1.0,15
40,0.9722665761631111,1.0,15
41,0.9623060928285412,1.0,15
42,0.9579460174050224,1.0,15
43,0.9505957617111643,1.0,15
44,0.9178559481991809,1.0,15
45,0.8108641053665964,1.0,15
46,0.6308936586411913,1.0,15
47,0.5806863992398565,1.0,15
48,0.10071233702526172,1.0,15
0,0.9962892416745874,1.0,16
1,0.9960279500177641,1.0,16
2,0.9960051676701503,1.0,16
3,0.9959339868575322,1.0,16
4,0.9957282207634257,1.0,16
5,0.9956051610317951,1.0,16
6,0.995524507695809,1.0,16
7,0.9955154750932739,1.0,16
8,0.995221928693957,1.0,16
9,0.9949634985946961,1.0,16
10,0.9948401558190306,1.0,16
11,0.9948009163326219,1.0,16
12,0.99469612254275,1.0,16
13,0.9945785018740296,1.0,16
14,0.9944760101754259,1.0,16
15,0.9943640313980174,1.0,16
16,0.9943431449750701,1.0,16
17,0.9940900555111523,1.0,16
18,0.9939100431781623,1.0,16
19,0.9938829611600313,1.0,16
20,0.9938661281715666,1.0,16
21,0.99382055981278,1.0,16
22,0.9936925433190695,1.0,16
23,0.9936737179305725,1.0,16
24,0.9934099569091701,1.0,16
25,0.9933071741032565,1.0,16
26,0.9930615721831766,1.0,16
27,0.9929244084483185,1.0,16
28,0.9926165823212397,1.0,16
29,0.9925807477188328,1.0,16
30,0.992388813489789,1.0,16
31,0.9921107458128797,1.0,16
32,0.9919494558597788,1.0,16
33,0.991400393962869,1.0,16
34,0.9910095283407928,1.0,16
35,0.990552422531989,1.0,16
36,0.9900021449793005,1.0,16
37,0.989706575633577,1.0,16
38,0.985641962738957,1.0,16
39,0.9845819077585989,1.0,16
40,0.9825308423408547,1.0,16
41,0.9780157320970636,1.0,16
42,0.9474864374286719,1.0,16
43,0.8843747310234066,1.0,16
44,0.8423278923318641,1.0,16
45,0.8222297361908071,1.0,16
46,0.5181641203823116,1.0,16
47,0.28565558920747336,1.0,16
48,0.07977818875333406,1.0,16
0,0.9964278817955686,1.0,17
1,0.9963747071160214,1.0,17
2,0.9962216703018233,1.0,17
3,0.9960939103669235,1.0,17
4,0.9959079372844445,1.0,17
5,0.9957921588411658,1.0,17
6,0.9957343629958286,1.0,17
7,0.9952823891443922,1.0,17
8,0.995134911287414,1.0,17
9,0.9948962043987134,1.0,17
10,0.9946550832586052,1.0,17
11,0.9946312044380203,1.0,17
12,0.9945466930607548,1.0,17
13,0.9944843796093032,1.0,17
14,0.9944488077498106,1.0,17
15,0.9943796064172101,1.0,17
16,0.9943658826574204,1.0,17
17,0.9943016344628584,1.0,17
18,0.9941657133465542,1.0,17
19,0.9941644318470616,1.0,17
20,0.9937143125695648,1.0,17
21,0.993705991085998,1.0,17
22,0.9934988331191776,1.0,17
23,0.9932906109117752,1.0,17
24,0.9931867043472189,1.0,17
25,0.9929806575366569,1.0,17
26,0.9928695206862315,1.0,17
27,0.9928386337984566,1.0,17
28,0.9926937650699215,1.0,17
29,0.9925103118983074,1.0,17
30,0.9922269976857396,1.0,17
31,0.9916943160216138,1.0,17
32,0.9909273038821907,1.0,17
33,0.9908118788318295,1.0,17
34,0.9902771998239249,1.0,17
35,0.9891742638203067,1.0,17
36,0.9889966833075386,1.0,17
37,0.9874223345917479,1.0,17
38,0.9865994193186636,1.0,17
39,0.9782841459516678,1.0,17
40,0.9742740790859374,1.0,17
41,0.9691873324910013,1.0,17
42,0.9555166934114881,1.0,17
43,0.952941441822654,1.0,17
44,0.9420499323095229,1.0,17
45,0.9200934025192605,1.0,17
46,0.830107109524154,1.0,17
47,0.7081378499132186,1.0,17
48,0.0724963282319832,1.0,17
0,0.9968458916350638,1.0,18
1,0.9963265014312112,1.0,18
2,0.9961331936714711,1.0,18
3,0.996016266634731,1.0,18
4,0.9959395244497348,1.0,18
5,0.9958844632409916,1.0,18
6,0.9954971904957981,1.0,18
7,0.9953895901186293,1.0,18
8,0.9951621709324158,1.0,18
9,0.9951603730157148,1.0,18
10,0.9950980668562421,1.0,18
11,0.9950441550698684,1.0,18
12,0.9949049051857387,1.0,18
13,0.9948760254426626,1.0,18
14,0.9947659544001362,1.0,18
15,0.9947285135117793,1.0,18
16,0.9946082905667099,1.0,18
17,0.9945371008603162,1.0,18
18,0.9945242578742696,1.0,18
19,0.9944929483518457,1.0,18
20,0.9944187541070467,1.0,18
21,0.9943409129744398,1.0,18
22,0.9943303408053441,1.0,18
23,0.9943187840399349,1.0,18
24,0.9943098470354672,1.0,18
25,0.9942702519652098,1.0,18
26,0.9939268355753943,1.0,18
27,0.9938592419968524,1.0,18
28,0.9938473199207977,1.0,18
29,0.9937884687982745,1.0,18
30,0.9936637555810789,1.0,18
31,0.9935453701923386,1.0,18
32,0.9933046072632842,1.0,18
33,0.9930711950377286,1.0,18
34,0.9926063616781714,1.0,18
35,0.9926035591344244,1.0,18
36,0.9918055269659616,1.0,18
37,0.9911476378054203,1.0,18
38,0.9909372881786469,1.0,18
39,0.9908480795572403,1.0,18
40,0.990406651952935,1.0,18
41,0.968073433018026,1.0,18
42,0.9653220853154365,1.0,18
43,0.9573570883673126,1.0,18
44,0.9291197928204818,1.0,18
45,0.8987598661082495,1.0,18
46,0.8568132062604816,1.0,18
47,0.6058139590687375,1.0,18
48,0.32646422823254184,1.0,18
0,0.9971590094344699,1.0,19
1,0.9962693201090805,1.0,19
2,0.9962104592947668,1.0,19
3,0.9961743926218699,1.0,19
4,0.9960742332316062,1.0,19
5,0.9959816889645184,1.0,19
6,0.9954714620517043,1.0,19
7,0.9952738586236449,1.0,19
8,0.9951485144364675,1.0,19
9,0.9950375380862208,1.0,19
10,0.994768595959225,1.0,19
11,0.9946824865545852,1.0,19
12,0.994651752087023,1.0,19
13,0.9946033283808006,1.0,19
14,0.9945858657121961,1.0,19
15,0.9945766499386451,1.0,19
16,0.9943595140167,1.0,19
17,0.9943430849513365,1.0,19
18,0.9942528958791214,1.0,19
19,0.994249660854396,1.0,19
20,0.9936623812485675,1.0,19
21,0.99366189892026,1.0,19
22,0.9936308930868971,1.0,19
23,0.9934561211021399,1.0,19
24,0.9932992502959281,1.0,19
25,0.9931740757819542,1.0,19
26,0.99271839532589,1.0,19
27,0.992701815745036,1.0,19
28,0.9926772612283952,1.0,19
29,0.9923860165515126,1.0,19
30,0.9922433378586735,1.0,19
31,0.9922337576015849,1.0,19
32,0.9919289120940658,1.0,19
33,0.9912933264727827,1.0,19
34,0.9910917565449104,1.0,19
35,0.9904357217249458,1.0,19
36,0.9892717770046743,1.0,19
37,0.9887309877097032,1.0,19
38,0.9881366866087844,1.0,19
39,0.9836758096860629,1.0,19
40,0.9810037981608631,1.0,19
41,0.9730167664707361,1.0,19
42,0.9550462227235826,1.0,19
43,0.9411519418250568,1.0,19
44,0.8954717186629165,1.0,19
45,0.7176619930448246,1.0,19
46,0.6773754002621972,1.0,19
47,0.4238745793818476,1.0,19
48,0.11304106403456417,1.0,19
0,0.9970362627930859,1.0,20
1,0.9963328725272905,1.0,20
2,0.9963090828788757,1.0,20
3,0.9959520056597975,1.0,20
4,0.9958940445318148,1.0,20
5,0.9957729451613837,1.0,20
6,0.9957077851798602,1.0,20
7,0.9955093252433055,1.0,20
8,0.9954915415775775,1.0,20
9,0.9954406713299766,1.0,20
10,0.9953881531445564,1.0,20
11,0.9950927884423859,1.0,20
12,0.9945044591051437,1.0,20
13,0.9944746363019,1.0,20
14,0.9944503881076695,1.0,20
15,0.9944245685086759,1.0,20
16,0.9943921883516141,1.0,20
17,0.9943487494449563,1.0,20
18,0.9943453572318123,1.0,20
19,0.9942583778848882,1.0,20
20,0.9941984925051213,1.0,20
21,0.9941752378571166,1.0,20
22,0.9939875020177628,1.0,20
23,0.99387885455596,1.0,20
24,0.9938483164841377,1.0,20
25,0.9934896276038574,1.0,20
26,0.9934276424613259,1.0,20
27,0.9933454694362477,1.0,20
28,0.9930902370068584,1.0,20
29,0.9929746907999086,1.0,20
30,0.9929721598608364,1.0,20
31,0.9927623135391885,1.0,20
32,0.9926907184501012,1.0,20
33,0.9923950033906163,1.0,20
34,0.9921345743345293,1.0,20
35,0.9918812892571409,1.0,20
36,0.9912046734931099,1.0,20
37,0.9910831355396659,1.0,20
38,0.9901333616628943,1.0,20
39,0.9807904151860335,1.0,20
40,0.9798130662091221,1.0,20
41,0.9631152584223153,1.0,20
42,0.9296612389618557,1.0,20
43,0.9208335042698557,1.0,20
44,0.916249132673358,1.0,20
45,0.8944947112313375,1.0,20
46,0.8761292476853886,1.0,20
47,0.3842996755171176,1.0,20
48,0.14088877909620856,1.0,20
0,0.997079329446832,1.0,21
1,0.9966840684096592,1.0,21
2,0.9962975638676534,1.0,21
3,0.9960397816663884,1.0,21
4,0.9959852493247361,1.0,21
5,0.9959745582106081,1.0,21
6,0.9957789051465867,1.0,21
7,0.9956679386953892,1.0,21
8,0.9953709096380435,1.0,21
9,0.9953344494571539,1.0,21
10,0.995268372516267,1.0,21
11,0.9951973999073337,1.0,21
12,0.9951248534627181,1.0,21
13,0.9950847206306123,1.0,21
14,0.9949381861278999,1.0,21
15,0.9948779880257633,1.0,21
16,0.9948268553660433,1.0,21
17,0.9947430420245196,1.0,21
18,0.9946582362201695,1.0,21
19,0.9945503791870625,1.0,21
20,0.9944807850880919,1.0,21
21,0.9944435099467287,1.0,21
22,0.9942449959154501,1.0,21
23,0.994223754829913,1.0,21
24,0.9941476568334578,1.0,21
25,0.9939872160281348,1.0,21
26,0.9939698825957916,1.0,21
27,0.9937499332451983,1.0,21
28,0.9936061359736668,1.0,21
29,0.9935331613606722,1.0,21
30,0.9933309231053777,1.0,21
31,0.9930838039857831,1.0,21
32,0.9927688873652354,1.0,21
33,0.9927664503664088,1.0,21
34,0.9922169464826642,1.0,21
35,0.992184042191383,1.0,21
36,0.9921734980587873,1.0,21
37,0.9921723146576892,1.0,21
38,0.9911900284341526,1.0,21
39,0.9911367786298445,1.0,21
40,0.9909659235154695,1.0,21
41,0.9907524610257896,1.0,21
42,0.9893909249087663,1.0,21
43,0.9839700634999288,1.0,21
44,0.9836239119578422,1.0,21
45,0.9712763935124156,1.0,21
46,0.9644558114976053,1.0,21
47,0.9043141178442414,1.0,21
48,0.46683462926181357,1.0,21
0,0.9971205792774871,1.0,22
1,0.9965470742544883,1.0,22
2,0.9963219805393606,1.0,22
3,0.9960961407126763,1.0,22
4,0.9960766643813496,1.0,22
5,0.9958921495838027,1.0,22
6,0.9955713228155303,1.0,22
7,0.995549415616813,1.0,22
8,0.9953245673323662,1.0,22
9,0.9951949349661824,1.0,22
10,0.9951290551522141,1.0,22
11,0.9951264107544805,1.0,22
12,0.9950575930398898,1.0,22
13,0.9947186056468794,1.0,22
14,0.9946684066295262,1.0,22
15,0.9946610617754287,1.0,22
16,0.994597969714736,1.0,22
17,0.9943663177682102,1.0,22
18,0.9943608606531309,1.0,22
19,0.9943324595226001,1.0,22
20,0.9941939649606937,1.0,22
21,0.9940924187794006,1.0,22
22,0.9940242881359971,1.0,22
23,0.994009943863173,1.0,22
24,0.993993508933979,1.0,22
25,0.9939866024284721,1.0,22
26,0.9936811308824907,1.0,22
27,0.9935497935029781,1.0,22
28,0.9934626763839948,1.0,22
29,0.993324512680271,1.0,22
30,0.993210454983933,1.0,22
31,0.9930438962699402,1.0,22
32,0.9929103527206835,1.0,22
33,0.9924349993509015,1.0,22
34,0.9921859636228493,1.0,22
35,0.9921281267786405,1.0,22
36,0.991373275820895,1.0,22
37,0.989190961574859,1.0,22
38,0.9850481117391633,1.0,22
39,0.9787001261047543,1.0,22
40,0.9761854553331015,1.0,22
41,0.9604601112065136,1.0,22
42,0.9459870196867042,1.0,22
43,0.9356773774748919,1.0,22
44,0.9334888460616988,1.0,22
45,0.8246212991706111,1.0,22
46,0.7041871205684981,1.0,22
47,0.5778847421043543,1.0,22
48,0.12555764197128505,1.0,22
0,0.9965297551921144,1.0,23
1,0.9963889863378012,1.0,23
2,0.9961682304627457,1.0,23
3,0.9958303848673531,1.0,23
4,0.9956469902843544,1.0,23
5,0.9955132764256992,1.0,23
6,0.9954744747751403,1.0,23
7,0.9952708979938493,1.0,23
8,0.9952439171476375,1.0,23
9,0.9950698962461578,1.0,23
10,0.994825239222156,1.0,23
11,0.9948227662980691,1.0,23
12,0.9948179878940844,1.0,23
13,0.9946820677878443,1.0,23
14,0.9945708481356395,1.0,23
15,0.9945305454122721,1.0,23
16,0.9945124003673481,1.0,23
17,0.9944810970862348,1.0,23
18,0.9944367363849224,1.0,23
19,0.9941437917981786,1.0,23
20,0.994118852168961,1.0,23
21,0.993900921309972,1.0,23
22,0.9938963608199053,1.0,23
23,0.9936067424877405,1.0,23
24,0.9935413706057906,1.0,23
25,0.9933025145855277,1.0,23
26,0.9932228309175207,1.0,23
27,0.9926807540793767,1.0,23
28,0.9926589521660686,1.0,23
29,0.9925945004266212,1.0,23
30,0.992558159366293,1.0,23
31,0.9923812243614081,1.0,23
32,0.9918969098032601,1.0,23
33,0.9917556752895208,1.0,23
34,0.9916218590118463,1.0,23
35,0.991279849738619,1.0,23
36,0.9909435509286965,1.0,23
37,0.9909350807479967,1.0,23
38,0.9908212767302113,1.0,23
39,0.9907496848044064,1.0,23
40,0.9893398407489419,1.0,23
41,0.9828774213787259,1.0,23
42,0.970219612611868,1.0,23
43,0.9501571869032219,1.0,23
44,0.9245833248304719,1.0,23
45,0.8520367678610616,1.0,23
46,0.8007408985521516,1.0,23
47,0.5369789167683706,1.0,23
48,0.18255489047068585,1.0,23
0,0.997027756960592,1.0,24
1,0.9963522185698483,1.0,24
2,0.9963046447266047,1.0,24
3,0.9960899235736166,1.0,24
4,0.9960892530059139,1.0,24
5,0.9958391837342768,1.0,24
6,0.9955750563241582,1.0,24
7,0.9954698432099998,1.0,24
8,0.9953432950505325,1.0,24
9,0.9951359703237981,1.0,24
10,0.9950032052136042,1.0,24
11,0.9946265399781918,1.0,24
12,0.994608248071017,1.0,24
13,0.9945310953299338,1.0,24
14,0.9944301160032002,1.0,24
15,0.9944040833573654,1.0,24
16,0.9943713286030058,1.0,24
17,0.9943702403300554,1.0,24
18,0.9942926019350019,1.0,24
19,0.9940540113623586,1.0,24
20,0.9935552268316383,1.0,24
21,0.9934280403185961,1.0,24
22,0.9933509137548103,1.0,24
23,0.9933062138083785,1.0,24
24,0.9932235161900246,1.0,24
25,0.9932150885077748,1.0,24
26,0.993004605490119,1.0,24
27,0.9930037153515376,1.0,24
28,0.9929919519004776,1.0,24
29,0.9929653895250671,1.0,24
30,0.992526308247273,1.0,24
31,0.9925157800259466,1.0,24
32,0.992468172930326,1.0,24
33,0.9923625303067064,1.0,24
34,0.9910803737378214,1.0,24
35,0.9900989196521613,1.0,24
36,0.9898601980803635,1.0,24
37,0.9868890364069203,1.0,24
38,0.9842081141720517,1.0,24
39,0.9759537517454204,1.0,24
40,0.9754076022149879,1.0,24
41,0.9693535560183799,1.0,24
42,0.956803506473854,1.0,24
43,0.9542031404939139,1.0,24
44,0.9530147021491937,1.0,24
45,0.893985324090004,1.0,24
46,0.7942398365813325,1.0,24
47,0.6135327124554117,1.0,24
48,0.10228333486565289,1.0,24
0,0.9971205792990937,1.0,25
1,0.9963894208046495,1.0,25
2,0.996321490162229,1.0,25
3,0.9962815594356831,1.0,25
4,0.9961561516764086,1.0,25
5,0.9960862059746387,1.0,25
6,0.9957323786865515,1.0,25
7,0.995725578148439,1.0,25
8,0.9957120389551172,1.0,25
9,0.9953936618755714,1.0,25
10,0.9952705784907777,1.0,25
11,0.9949986592453595,1.0,25
12,0.9949947454481135,1.0,25
13,0.9946319309338831,1.0,25
14,0.9944217727622908,1.0,25
15,0.9943936870539873,1.0,25
16,0.994385456787972,1.0,25
17,0.9943419045419678,1.0,25
18,0.9942325921419604,1.0,25
19,0.9941757271259142,1.0,25
20,0.9939258923457305,1.0,25
21,0.9939256116627427,1.0,25
22,0.9938022528011623,1.0,25
23,0.9937897142261624,1.0,25
24,0.9937270093888526,1.0,25
25,0.9937234974973277,1.0,25
26,0.9936575089370392,1.0,25
27,0.9935568727220703,1.0,25
28,0.9933472102847369,1.0,25
29,0.9929499955962404,1.0,25
30,0.992824403436432,1.0,25
31,0.9925666964728947,1.0,25
32,0.9924971177229415,1.0,25
33,0.9918598081638631,1.0,25
34,0.9916649954107567,1.0,25
35,0.9916035297004879,1.0,25
36,0.9913011942449873,1.0,25
37,0.9908992359542761,1.0,25
38,0.9899670376088261,1.0,25
39,0.9888996787497591,1.0,25
40,0.9861308267124783,1.0,25
41,0.984377783820332,1.0,25
42,0.9646830382121352,1.0,25
43,0.9584134087747797,1.0,25
44,0.9219465564442856,1.0,25
45,0.9014771567521312,1.0,25
46,0.8671604615365283,1.0,25
47,0.46506046690805364,1.0,25
48,0.1589903036840373,1.0,25
0,0.9967405257696424,1.0,26
1,0.9965238635692969,1.0,26
2,0.9963299444977811,1.0,26
3,0.9963227083111058,1.0,26
4,0.9961898738583697,1.0,26
5,0.9958858180278493,1.0,26
6,0.9956441063368483,1.0,26
7,0.9950524824363793,1.0,26
8,0.994889146105732,1.0,26
9,0.9947622983928751,1.0,26
10,0.9945763563332167,1.0,26
11,0.9945216631539777,1.0,26
12,0.99448704872088,1.0,26
13,0.9944730775084735,1.0,26
14,0.9942086977712287,1.0,26
15,0.9940687114985733,1.0,26
16,0.9940153328525166,1.0,26
17,0.9938627238274279,1.0,26
18,0.9937685708709403,1.0,26
19,0.9937136273161555,1.0,26
20,0.9936983139199762,1.0,26
21,0.9935781306647111,1.0,26
22,0.9934880667275164,1.0,26
23,0.9932440597037312,1.0,26
24,0.9930652391215457,1.0,26
25,0.9929875591000236,1.0,26
26,0.9927929383365601,1.0,26
27,0.9927860992153812,1.0,26
28,0.992771224306827,1.0,26
29,0.9919580858541945,1.0,26
30,0.9918537204529998,1.0,26
31,0.9916968223299715,1.0,26
32,0.9915355901387187,1.0,26
33,0.9914265418922112,1.0,26
34,0.9910413827438221,1.0,26
35,0.9890770961675821,1.0,26
36,0.9864566394939291,1.0,26
37,0.985549459046859,1.0,26
38,0.9851065079142521,1.0,26
39,0.9844329466156018,1.0,26
40,0.9683264332631201,1.0,26
41,0.9655411866512479,1.0,26
42,0.9529329756796895,1.0,26
43,0.9526946083661012,1.0,26
44,0.8976572772427448,1.0,26
45,0.8860637922456205,1.0,26
46,0.8559334883507866,1.0,26
47,0.3096114684167238,1.0,26
48,0.056361074251394,1.0,26
0,0.9971540557135603,1.0,27
1,0.9967356996742531,1.0,27
2,0.9963480360333107,1.0,27
3,0.995862149688723,1.0,27
4,0.9958112545663925,1.0,27
5,0.9957243324607234,1.0,27
6,0.9956561768896965,1.0,27
7,0.9955891230881704,1.0,27
8,0.9954153936838688,1.0,27
9,0.9952374596875966,1.0,27
10,0.9948916541342068,1.0,27
11,0.9947235067160692,1.0,27
12,0.9946947148466581,1.0,27
13,0.9946085026451194,1.0,27
14,0.9945970339297183,1.0,27
15,0.994454797151411,1.0,27
16,0.9942551692616356,1.0,27
17,0.9940818812786874,1.0,27
18,0.9940689187529737,1.0,27
19,0.9940445988426947,1.0,27
20,0.9940243555297671,1.0,27
21,0.9937753936513394,1.0,27
22,0.9937352715708712,1.0,27
23,0.9935671128295296,1.0,27
24,0.9934150900095274,1.0,27
25,0.993337747941644,1.0,27
26,0.9933290316332241,1.0,27
27,0.9930774538608056,1.0,27
28,0.9928738534907775,1.0,27
29,0.9924821771447372,1.0,27
30,0.9922866102162413,1.0,27
31,0.9920002186787014,1.0,27
32,0.9919495032837513,1.0,27
33,0.9910387974542134,1.0,27
34,0.990726183169682,1.0,27
35,0.9896789720784254,1.0,27
36,0.9885759326400073,1.0,27
37,0.9872594585678878,1.0,27
38,0.9867305886539668,1.0,27
39,0.9824310452488256,1.0,27
40,0.9783767956725457,1.0,27
41,0.967699666746977,1.0,27
42,0.9606211298430367,1.0,27
43,0.9602779548569369,1.0,27
44,0.8781989944635127,1.0,27
45,0.8631189924323995,1.0,27
46,0.7686773517241593,1.0,27
47,0.6970859798984457,1.0,27
48,0.331811020202128,1.0,27
0,0.9962578949216041,1.0,28
1,0.996063778466754,1.0,28
2,0.9958587793410971,1.0,28
3,0.9955594494434904,1.0,28
4,0.9955402879067629,1.0,28
5,0.9954208633011327,1.0,28
6,0.9953850360762792,1.0,28
7,0.9952301718933346,1.0,28
8,0.9950241680738282,1.0,28
9,0.9950005558005353,1.0,28
10,0.9949486795009047,1.0,28
11,0.9948902272042001,1.0,28
12,0.9945862251058731,1.0,28
13,0.9945793165650998,1.0,28
14,0.9945104134882138,1.0,28
15,0.9944734978058419,1.0,28
16,0.9943891092548272,1.0,28
17,0.9943127397545981,1.0,28
18,0.9942338435241619,1.0,28
19,0.9940550187187093,1.0,28
20,0.9937984842787287,1.0,28
21,0.9936260502764198,1.0,28
22,0.9933379419306729,1.0,28
23,0.9931464375808792,1.0,28
24,0.9930931331133251,1.0,28
25,0.9929805627572859,1.0,28
26,0.9921331390797032,1.0,28
27,0.9915636566038224,1.0,28
28,0.9914541705096823,1.0,28
29,0.9903712090634654,1.0,28
30,0.9892776638215038,1.0,28
31,0.9889817078803625,1.0,28
32,0.9871504991532212,1.0,28
33,0.9870184761475123,1.0,28
34,0.9867118586502074,1.0,28
35,0.9856350092344329,1.0,28
36,0.9840642369430788,1.0,28
37,0.983290545223312,1.0,28
38,0.9825988649828626,1.0,28
39,0.9802436868473344,1.0,28
40,0.9762392509039631,1.0,28
41,0.972234672355864,1.0,28
42,0.967337021258527,1.0,28
43,0.9620915120475965,1.0,28
44,0.9297738117859594,1.0,28
45,0.9076910632277903,1.0,28
46,0.6829793321067944,1.0,28
47,0.035307674864223315,1.0,28
48,0.028957724266566835,1.0,28
0,0.9971584674612405,1.0,29
1,0.9963454332820157,1.0,29
2,0.9961826547133497,1.0,29
3,0.9961474278136033,1.0,29
4,0.9960301989266729,1.0,29
5,0.9959642199390655,1.0,29
6,0.9958968640657515,1.0,29
7,0.9955401493827117,1.0,29
8,0.9952924547684607,1.0,29
9,0.9951729875638908,1.0,29
10,0.9950123040413814,1.0,29
11,0.9950000552859757,1.0,29
12,0.9948540148943331,1.0,29
13,0.9946448940288947,1.0,29
14,0.9944713857761688,1.0,29
15,0.9944319495655077,1.0,29
16,0.9942284509262426,1.0,29
17,0.9939288477356653,1.0,29
18,0.993669595458339,1.0,29
19,0.9935397996923687,1.0,29
20,0.9935239207361286,1.0,29
21,0.9935136263857995,1.0,29
22,0.9933520686804825,1.0,29
23,0.993262495567785,1.0,29
24,0.9931070928130291,1.0,29
25,0.9930755812234624,1.0,29
26,0.9929427304169376,1.0,29
27,0.9927638873961885,1.0,29
28,0.9926354861714941,1.0,29
29,0.9925263444032449,1.0,29
30,0.9924404107809626,1.0,29
31,0.9924026362471507,1.0,29
32,0.9921421214139592,1.0,29
33,0.9918535268900092,1.0,29
34,0.9915401887988291,1.0,29
35,0.9903471284762027,1.0,29
36,0.9880787645932413,1.0,29
37,0.987045918773882,1.0,29
38,0.987037870587255,1.0,29
39,0.986588590972851,1.0,29
40,0.9855851776878146,1.0,29
41,0.9845367753516354,1.0,29
42,0.983860426797529,1.0,29
43,0.9535438651304659,1.0,29
44,0.9480859442907348,1.0,29
45,0.8079559956778765,1.0,29
46,0.778265927218044,1.0,29
47,0.41712212455396375,1.0,29
48,0.10732200525822594,1.0,29
